<?xml version="1.0" encoding="UTF-8"?>
<beans xmlns="http://www.springframework.org/schema/beans"
	xmlns:xsi="http://www.w3.org/2001/XMLSchema-instance"
	xsi:schemaLocation="http://www.springframework.org/schema/beans http://www.springframework.org/schema/beans/spring-beans.xsd">

	<bean id="dao" class="ch.persi.java.vino.dao.impl.DaoImpl">
		<property name="sessionFactory" ref="sf"></property>
	</bean>
	
		<bean id="sf" class="org.springframework.orm.hibernate3.LocalSessionFactoryBean">
		<property name="mappingResources">
 		   <list>
				<value>Offering.hbm.xml</value>
				<value>Provider.hbm.xml</value>
				<value>Rating.hbm.xml</value>
				<value>RatingAgency.hbm.xml</value>
				<value>Unit.hbm.xml</value>
				<value>Wine.hbm.xml</value>
				<value>WineOffering.hbm.xml</value>
		   	</list>
		 </property>
		 <property name="hibernateProperties">
		      <props>
		        <prop key="hibernate.hbm2ddl.auto">validate</prop>
		        <prop key="hibernate.connection.pool_size">1</prop>
		        <prop key="hibernate.show_sql">false</prop>
		        <prop key="hibernate.connection.autocommit">true</prop>
		
		        <!--POSTGRESQL-->
		        <prop key="hibernate.dialect">org.hibernate.dialect.PostgreSQLDialect</prop>
		        <prop key="hibernate.connection.driver_class">org.postgresql.Driver</prop>
		        <prop key="hibernate.connection.url">jdbc:postgresql://localhost:5432/vino</prop>
		        <prop key="hibernate.connection.username">postgres</prop>
		        <prop key="hibernate.connection.password">3226050</prop>
		      </props>
		 </property>
	</bean>
	
</beans>