<?xml version="1.0"?>
<!DOCTYPE hibernate-mapping PUBLIC "-//Hibernate/Hibernate Mapping DTD 3.0//EN"
"http://hibernate.sourceforge.net/hibernate-mapping-3.0.dtd">
<!-- Generated 23.09.2010 22:31:58 by Hibernate Tools 3.3.0.GA -->
<hibernate-mapping>
    <class name="ch.persi.java.vino.domain.Rating" table="RATING">
        <id name="id" type="long">
            <column name="ID" />
            <generator class="sequence">
				<param name="sequence">rating_id_seq</param>
			</generator>
        </id>
        <many-to-one name="agency" class="ch.persi.java.vino.domain.RatingAgency" fetch="join">
            <column name="AGENCY_ID" />
        </many-to-one>
        <many-to-one name="wine" class="ch.persi.java.vino.domain.Wine" fetch="join" not-null="true">
            <column name="WINE_ID" />
        </many-to-one>
        <property name="score" type="java.math.BigDecimal">
            <column name="SCORE" />
        </property>
    </class>
</hibernate-mapping>
