<?xml version="1.0"?>
<!DOCTYPE hibernate-mapping PUBLIC "-//Hibernate/Hibernate Mapping DTD 3.0//EN"
"http://hibernate.sourceforge.net/hibernate-mapping-3.0.dtd">
<!-- Generated 23.09.2010 22:31:58 by Hibernate Tools 3.3.0.GA -->
<hibernate-mapping>
    <class name="ch.persi.java.vino.domain.Unit" table="UNIT">
        <id name="id" type="long">
            <column name="ID" />
			<generator class="sequence">
				<param name="sequence">unit_id_seq</param>
			</generator>
        </id>
        <property name="deciliters" type="java.math.BigDecimal">
            <column name="DECILITERS" />
        </property>
    </class>
</hibernate-mapping>
