<?xml version="1.0"?>
<!DOCTYPE hibernate-mapping PUBLIC "-//Hibernate/Hibernate Mapping DTD 3.0//EN"
"http://hibernate.sourceforge.net/hibernate-mapping-3.0.dtd">
<!-- Generated 31.10.2010 20:12:27 by Hibernate Tools 3.4.0.Beta1 -->
<hibernate-mapping>
    <class name="ch.persi.java.vino.domain.WineOffering" table="WINEOFFERING">
        <id name="id" type="long">
            <column name="ID" />
            <generator class="sequence">
                <param name="sequence">wineoffering_id_seq</param>
            </generator>
        </id>
        <many-to-one name="wine" class="ch.persi.java.vino.domain.Wine" fetch="join">
            <column name="WINE" />
        </many-to-one>
        <many-to-one name="wineUnit" class="ch.persi.java.vino.domain.Unit" fetch="join">
            <column name="WINEUNIT" />
        </many-to-one>
        <many-to-one name="offering" class="ch.persi.java.vino.domain.Offering" fetch="join">
            <column name="OFFERING" />
        </many-to-one>
    </class>
</hibernate-mapping>
