<?xml version="1.0"?>
<!DOCTYPE hibernate-mapping PUBLIC "-//Hibernate/Hibernate Mapping DTD 3.0//EN"
                                   "http://hibernate.sourceforge.net/hibernate-mapping-3.0.dtd">
<!-- Generated 23.09.2010 22:31:58 by Hibernate Tools 3.3.0.GA -->
<hibernate-mapping>
 <class name="ch.persi.java.vino.domain.Wine" table="WINE">
  	<id name="id" type="long">
   		<column name="ID" not-null="true" unique="true"/>
			<generator class="sequence">
				<param name="sequence">wine_id_seq</param>
			</generator>
  	</id>
  	<set name ="ratings"
             inverse = "true"
              cascade="all-delete-orphan">
             <key column ="WINE_ID"/>
             <one-to-many class="ch.persi.java.vino.domain.Rating"/>
	</set>
 	<property name="origin" type="java.lang.String" column="ORIGIN"></property>
 	<property name="vintage" type="java.lang.Integer" column="VINTAGE"></property>
 	<property name="name" type="java.lang.String" column="NAME"></property>
 	<property name="region" type="java.lang.String" column="REGION"></property>
 	<property name="producer" type="java.lang.String" column="PRODUCER"></property>
 </class>
</hibernate-mapping>
