value,lots,source,keep
Barossa Valley,145188,other,
South Australia,120505,other,
McLaren Vale,99544,other,
Coonawarra,87414,other,
Margaret River,77553,other,
Yarra Valley,54613,other,
Clare Valley,50369,other,
Bourgogne,48644,other,
Hunter Valley,47505,other,
Eden Valley,33951,other,
Barossa,22992,other,
Heathcote,19647,other,
Adelaide Hills,16643,other,
Beechworth,16568,other,
Champagne,16202,other,
Grampians,14834,other,
Pauillac,14214,other,
Pyrenees,14049,other,
Bordeaux,12721,other,
Rhône,12660,other,
Canberra District,12053,other,
Mornington Peninsula,11609,other,
Langhorne Creek,11402,other,
Marlborough,11220,other,
Geelong,10721,other,
Rutherglen,9672,other,
St-Julien,8244,other,
Pomerol,7938,other,
Central Otago,7761,other,
South Gippsland,7657,other,
Barolo DOCG,6903,other,
St-Emilion,6900,other,
Chateauneuf-du-Pape,6672,other,
Tasmania,6345,other,
Western Australia,6272,other,
Gevrey-Chambertin,6259,other,
Sauternes,6242,other,
Great Southern,6156,other,
Riverina,6064,other,
Margaux,5916,other,
Australia,5876,other,
Frankland River,5776,other,
Chablis,5266,other,
Victoria,4978,other,
Macedon Ranges,4754,other,
St-Estephe,4500,other,
Nagambie Lakes,4476,other,
Martinborough,4330,other,
Hawkes Bay,4194,other,
Haut-Medoc,3935,other,
Vosne-Romanee,3628,other,
Nuits-St-Georges,3592,other,
Bendigo,3553,other,
Padthaway,3449,other,
Southern Tasmania,3440,other,
Adelaide,3382,other,
Mudgee,3289,other,
Mosel-Saar-Ruwer,3182,other,
South Eastern Australia,3171,other,
Mount Barker,3151,other,
Chambolle-Musigny,3122,other,
Oporto,3060,other,
Henty,2884,other,
Graves,2849,other,
Cote-Rotie,2841,other,
Northern Tasmania,2693,other,
Chassagne-Montrachet,2635,other,
Sunbury,2585,other,
Puligny-Montrachet,2549,other,
Sauternes-Barsac,2546,other,
King Valley,2516,other,
Cotes-du-Rhone,2398,other,
Hermitage,2331,other,
Volnay,2293,other,
Barbaresco DOCG,2267,other,
Orange,2227,other,
Kangaroo Island,2216,other,
Scotland,2155,other,
Coal River Valley Tasmania,2127,other,
Barolo,2108,other,
Macedon,2080,other,
Pessac-Leognan,2056,other,
Pemberton,1996,other,
Meursault,1952,other,
Toscana IGT,1734,other,
Great Western,1711,other,
Glenrowan,1666,other,
Central Ranges,1653,other,
Brunello di Montalcino DOCG,1638,other,
Bourgogne Rouge,1637,other,
Watervale,1614,other,
Napa Valley,1600,other,
Douro,1595,other,
Multi Area Blend,1587,other,
Echezeaux,1535,other,
Morey-St-Denis,1531,other,
Gippsland,1498,other,
Pommard,1474,other,
Alsace,1411,other,
Goulburn Valley,1401,other,
Lenswood,1365,other,
Beaune,1286,other,
Rioja,1256,other,
Derwent Valley,1242,other,
Limestone Coast,1237,other,
Wrattonbully,1226,other,
Ribera del Duero,1218,other,
Corton,1216,other,
Chambertin,1208,other,
Eastern Tasmania,1193,other,
Corton-Charlemagne,1172,other,
Scozia - Whisky,1156,other,
France,1127,other,
Clos de Vougeot,1112,other,
Chambertin-Clos de Beze,1101,other,
Savigny-les-Beaune,1097,other,
Italy,1090,other,
Milawa,1088,other,
Rheinhessen,1082,other,
Francia - Borgogna,1081,other,
Crozes-Hermitage,1057,other,
Medoc,1054,other,
Langhe DOC,1053,other,
Unknown,1049,other,
Charmes-Chambertin,1033,other,
Coal River Valley,1023,other,
Bourgogne Blanc,1019,other,
Martinborough/Waiparapa,972,other,
Pfalz,972,other,
Cantenac-Margaux,958,other,
Cornas,924,other,
Riverland,920,other,
Hilltops,911,other,
New South Wales,896,other,
Central Victoria,895,other,
Martinborough/Wairarapa,889,other,
Bonnes-Mares,881,other,
Toscana,876,other,
Chianti Classico,867,other,
Francia - Champagne,858,other,
Fleurieu Peninsula,853,other,
Tumbarumba,853,other,
Coonawarra-Kalimna,851,other,
Rheingau,844,other,
Geographe W.A.,843,other,
Vouvray,842,other,
Musigny,831,other,
Ribeauville,793,other,
St-Joseph,787,other,
Francia - Bordeaux,779,other,
Clos de la Roche,741,other,
Piccadilly Valley,734,other,
Japan,727,other,
Granite Belt,723,other,
Grands-Echezeaux,713,other,
Chianti Classico DOCG,712,other,
Romanee-St-Vivant,703,other,
Sancerre,700,other,
Bolgheri DOC,684,other,
Coonawarra-Barossa Valley,681,other,
Central Victorian Mountain Country,680,other,
Vin de Pays d'Oc,674,other,
Murray Darling,665,other,
Toscana  - Super Tuscan,665,other,
Barbaresco,660,other,
Richebourg,654,other,
Cognac,637,other,
Morgon,630,other,
Tamar Valley,618,other,
Batard-Montrachet,615,other,
Piemonte - Barolo,612,other,
Murrumbateman,608,other,
Waipara,606,other,
La Rioja DOCa,603,other,
La Tache,601,other,
Cotes de Francs,599,other,
Huon Valley,591,other,
Penedes,576,other,
Strathbogie Ranges,576,other,
Canterbury,573,other,
Porongurup,570,other,
 Italia - Barolo,569,other,
Cotes-du-Rhone Villages,566,other,
Meursault-Charmes,565,other,
Mt Benson,564,other,
Gigondas,563,other,
Bandol,562,other,
Mendoza,542,other,
Veneto,539,other,
Nelson,536,other,
Swan District,534,other,
Adelaide Plains,531,other,
Chianti,513,other,
Saint-Emilion,512,other,
Barbera d'Alba,511,other,
Denmark,507,other,
Nahe,504,other,
 Italia - Super Tuscan,501,other,
Mercurey,488,other,
Auckland,485,other,
Waiheke Island,481,other,
Dolcetto d'Alba,468,other,
New Zealand,460,other,
Cotes de Provence,459,other,
North East Victoria,458,other,
Barbera d'Alba DOC,447,other,
Mosel,444,other,
Tuscany,442,other,
Brunello di Montalcino,436,other,
Santenay,436,other,
Sonoma,427,other,
Bundaberg,420,other,
Priorat,418,other,
Multi Region Blend,414,other,
Southern New South Wales,407,other,
 Italia - Brunello di Montalcino,402,other,
Piemonte,400,other,
Vin de France,396,other,
Kentucky,379,other,
Mazis-Chambertin,376,other,
The Highlands,376,other,
Langhe,367,other,
Jerez-Xeres-Sherry,364,other,
Corbieres,361,other,
California,358,other,
Bordeaux / Pauillac,357,other,
Toro,354,other,
Toscana  - Brunello di Montalcino,349,other,
Langhorne Creek-McLaren Vale,345,other,
Pernand-Vergelesses,342,other,
Clos Vougeot,340,other,
Pouilly-Fuisse,339,other,
Stellenbosch,337,other,
Meursault-Perrieres,336,other,
Moulis,333,other,
Wachau,332,other,
Minervois,330,other,
Chablis AC,329,other,
Pouilly-Fume,328,other,
Ruchottes-Chambertin,327,other,
Moulin-a-Vent,326,other,
Volnay-Santenots,324,other,
BOLGHERI Superiore Rosso D.O.C,323,other,
Puglia,320,other,
Clos Saint-Denis,318,other,
Condrieu,313,other,
Piedmont,312,other,
Chianti DOCG,311,other,
Latricieres-Chambertin,308,other,
Baw Baw Shire,306,other,
Marsannay,305,other,
Givry,302,other,
Bierzo,296,other,
Burgundy,294,other,
Southern Highlands,289,other,
Castilla Y Leon,288,other,
Montrachet,287,other,
Aloxe-Corton,286,other,
Speyside,286,other,
Cotes de Castillon,278,other,
Jumilla,278,other,
McLaren Vale-Coonawarra,276,other,
Southern Rhone,276,other,
Francia - Cognac,274,other,
Robe,271,other,
Salento IGP,268,other,
Amarone della Valpolicella DOCG,265,other,
Bellarine Peninsula,265,other,
Hunawihr,264,other,
Burgenland,263,other,
St-Aubin,262,other,
Anjou,261,other,
Pipers Brook,261,other,
Campania,259,other,
Pessac-Léognan,259,other,
Vin Mousseux,256,other,
Cowra,255,other,
Miscellaneous,252,other,
Rosso di Montalcino DOC,251,other,
Beaune-Greves,250,other,
Haut-Médoc,250,other,
North Canterbury,250,other,
Veneto IGT,248,other,
Turckheim,247,other,
Chevalier-Montrachet,245,other,
Cahors,244,other,
Barbera d'Asti DOCG,243,other,
Islay,242,other,
Germany,240,other,
Meursault-Genevrieres,237,other,
Pipers River,235,other,
Entre-deux-Mers,230,other,
Albany,227,other,
Cotes de Bordeaux,226,other,
Muscadet De Sevre-et Maine,225,other,
Nashik,225,other,
Gundagai,224,other,
Sierra de Gredos,223,other,
Wintzenheim,223,other,
Cotes de Bourg,222,other,
Blackwood Valley,220,other,
Manjimup,219,other,
Cote de Nuits-Villages,217,other,
Tokaji-Hegyalja,216,other,
Chablis A.C.,214,other,
Madeira,212,other,
Vougeot,212,other,
Ballarat,208,other,
Gisborne,205,other,
Nebbiolo d'Alba,201,other,
Cotes du Jura,199,other,
Terre Siciliane IGP,199,other,
Wallis,199,other,
Hermitage Blanc,197,other,
Abruzzo,196,other,
Aragon,196,other,
Rias Baixas,195,other,
Toscana ,192,other,
Brunello de Montalcino,191,other,
Monferrato,191,other,
Saint Aubin,190,other,
Alto Adige,189,other,
Sonoma Coast,188,other,
Fronsac,187,other,
 Italia - Barbaresco,186,other,
Riquewihr,184,other,
Rueda,184,other,
Sicilia DOC,184,other,
Bannockburn,182,other,
La Rioja,182,other,
Coteaux du Layon,181,other,
Santa Cruz Mountains,180,other,
Volnay-Champans,180,other,
grand bourgeois,180,other,
Barossa-Clare Valley,177,other,
Upper Goulburn,177,other,
Mercurey Rouge,176,other,
Montepulciano d'Abruzzo,176,other,
Mazy-Chambertin,175,other,
Melbourne,171,other,
Volnay-Taillepieds,170,other,
Alpine Valleys,168,other,
Waitaki Valley,167,other,
Criots-Batard-Montrachet,166,other,
Sicily,166,other,
Amarone della Valpolicella,165,other,
Willamette Valley,165,other,
Etna,164,other,
Valpolicella DOC,164,other,
Baroota,163,other,
Bordeaux Superieur,163,other,
Griotte-Chambertin,163,other,
Hunter-McLaren Vale,163,other,
Waadt,162,other,
Saint-Estèphe,160,other,
Fixin,158,other,
Peel,158,other,
Tokaj,157,other,
Northern Rivers,156,other,
Langhe - Barolo,155,other,
Rapel Valley,155,other,
Queensland,154,other,
Whitlands,154,other,
Listrac,151,other,
Prosecco DOC,151,other,
McLaren Vale-Langhorne Creek,150,other,
Piemonte - Barbaresco,150,other,
Bienvenues-Batard-Montrachet,149,other,
Etna Rosso DOC,149,other,
Saint-Julien,149,other,
Conca de Barbera,148,other,
Monthelie,147,other,
Swan Valley,147,other,
Barossa-Eden Valley,146,other,
Kamptal,146,other,
Gippsland-Mornington Peninsula,145,other,
Mexico,145,other,
Chianti Classico Riserva,144,other,
Loire,143,other,
 Italia - Toscana,142,other,
Beaujolais-Villages,141,other,
Lalande-de-Pomerol,140,other,
Portugal,140,other,
South Western Victoria,140,other,
Portogallo - Porto,138,other,
Bas Armagnac,137,other,
Chinon,137,other,
Kremstal,137,other,
Sudtirol DOC,137,other,
Hunter-Coonawarra,135,other,
Savennieres,135,other,
Mentrida,134,other,
Venezia Giulia,133,other,
Chapelle-Chambertin,132,other,
Navarra,132,other,
Beaujolais,131,other,
Puisseguin-St-Emilion,131,other,
Swan Hill,131,other,
Muscat de Beaumes-de-Venise,130,other,
Spain,130,other,
Tennessee,130,other,
Vacqueyras,129,other,
Cadillac,128,other,
Ireland,128,other,
Rosso di Toscana IGT,128,other,
Rully,128,other,
Valdadige,128,other,
Baden,127,other,
Mount Lofty Ranges,127,other,
Western Victoria,127,other,
Russian River Valley,126,other,
Vino Nobile di Montepulciano,126,other,
Kayserberg/Kientzheim,125,other,
Pokolbin,125,other,
Fleurie,124,other,
La Grande Rue,124,other,
Campo de Borja,122,other,
Gattinara,122,other,
Russia,121,other,
Saumur,121,other,
Valle de Uco,121,other,
Romanee-Conti,120,other,
Barsac,119,other,
Colli Della Toscana Centrale IGT,118,other,
Bush Vines Grenache Mourvedre Shiraz,117,other,
Canon-Fronsac,116,other,
Clare-Eden Valley,115,other,
Cotes du Roussillon,115,other,
Moulis-en-Medoc,115,other,
Soave Classico,115,other,
Lussac-St-Emilion,114,other,
Bourgogne Aligote,113,other,
McLaren Vale-Hunter Valley,113,other,
Bordeaux / Saint-Émilion,111,other,
Cyprus,111,other,
Keppoch,111,other,
Sudtirol,111,other,
Eden Valley/Adelaide Hills,110,other,
McLaren Vale-Clare Valley,110,other,
Fleurieu,109,other,
Provincia di Pavia IGT,109,other,
Greece,108,other,
Lirac,108,other,
Terre Siciliane IGT,108,other,
Vin De Pays De Vaucluse,108,other,
Eden-Clare Valley,107,other,
Beaune-Teurons,105,other,
Bourgogne Hautes Cotes de Beaune,105,other,
Bourgogne Cote-D'Or,104,other,
Alexander Valley,103,other,
Francia - Sauternes,103,other,
Sydney,103,other,
Colli Orientali del Friuli DOC,101,other,
Flaxman Valley,101,other,
Umbria,101,other,
Aconcagua Valley,100,other,
Castel del Monte,100,other,
Valdeorras,100,other,
Arbois,99,other,
Saumur-Champigny,99,other,
Bordeaux Rouge,98,other,
Collio DOC,97,other,
Coonawarra-McLaren Vale,97,other,
Cremant d'Alsace,97,other,
Dolcetto di Dogliani,97,other,
Langhe - Barbaresco,97,other,
Montsant,97,other,
Mount Gambier,97,other,
Volnay-Caillerets,97,other,
La Mancha,96,other,
Riverina-King Valley,96,other,
Columbia Valley,95,other,
Kalimna,95,other,
Poland,95,other,
Bordeaux / Sauternes,93,other,
Montagne-St-Emilion,91,other,
White Solera Revolution,91,other,
Albury,90,other,
Chile,90,other,
Hunter Valley & McLaren Vale,90,other,
Wairarapa,90,other,
Bolgheri - Super Tuscan,89,other,
Corton-Bressandes,89,other,
Macon-Villages,89,other,
Montepulciano d'Abruzzo DOC,89,other,
Bordeaux / Médoc,88,other,
Tokaj-Hegyalja,88,other,
Barossa Valley-Coonawarra,87,other,
Cotes-du-Ventoux,87,other,
Hilltops NSW,87,other,
Veneto - Amarone della Valpolicella,87,other,
 Italia - Chianti,86,other,
Rhône / Côtes-du-Rhône,86,other,
USA - Whisky,86,other,
Wettolsheim,86,other,
Austria,85,other,
Bourgogne Hautes Cotes de Beaune Sous Eguisons,85,other,
Emilia Romagna,85,other,
Grande Champagne Cognac,85,other,
Central Coast,83,other,
Petit Chablis,83,other,
Malaga,82,other,
Mazoyeres Chambertin,82,other,
Auxey-Duresses,81,other,
Clare-McLaren Vale,81,other,
Polish Hill River,81,other,
Barbera d'Asti,80,other,
Franciacorta DOCG,80,other,
Languedoc-Roussillon,80,other,
Santa Barbara,80,other,
Soave,80,other,
St-Romain,80,other,
Anderson Valley,79,other,
Barossa-Coonawarra,79,other,
Constantia,79,other,
Francia - Armagnac,79,other,
Friuli Venezia Giulia,79,other,
Southern Fleurieu,79,other,
Adelaide Hills-McLaren Vale,78,other,
Bordeaux / Saint-Estèphe,78,other,
Fleurie AOC,78,other,
La Court,78,other,
La Justice,78,other,
Quarts de Chaume,78,other,
Tessin,77,other,
Barossa Valley-McLaren Vale,76,other,
Fine Champagne,76,other,
Cote Chalonnaise,75,other,
Beaune-Marconnets,74,other,
Campania IGT,74,other,
Moscato d'Asti DOCG,74,other,
Moulis-en-Médoc,74,other,
Soave DOC,74,other,
Vino de la Tierra de Castilla,74,other,
Colio DOC,73,other,
Cotes de Gascogne,73,other,
Cotes de Luberon,73,other,
U.S.A.,73,other,
United Kingdom,73,other,
Bolgheri,72,other,
Niagara Peninsula,72,other,
Perth Hills,72,other,
Corton-Pougets,71,other,
Corton-Renardes,71,other,
Le Montrachet,71,other,
Madiran,71,other,
Meursault-Blagny,71,other,
Pommard-Rugiens,71,other,
 Italia - Amarone della Valpolicella,70,other,
Saar,70,other,
Saint-Émilion,70,other,
Trentino,70,other,
 Italia - PIEMONTE,69,other,
Cote-de-Brouilly,69,other,
Oz Opera's Schools Program Charity,69,other,
Savoie,69,other,
Montilla-Moriles,68,other,
Sicilia,68,other,
Vigneti Delle Dolomiti IGT,68,other,
Central Highlands NSW,67,other,
Montefalco,67,other,
Northland,67,other,
 Italia - Sforzato di Valtellina,66,other,
Margaret River-Mount Barker,66,other,
Mt. Veeder,66,other,
Pays d'Oc IGP,66,other,
Rosso di Montalcino,66,other,
Touraine,66,other,
Beaune-Bressandes,65,other,
McLaren Flat,65,other,
Pic-St-Loup,65,other,
Premieres Cotes de Bordeaux,65,other,
Western Cape,65,other,
Clos de Tart,64,other,
Currency Creek,64,other,
Lebanon,64,other,
Valpolicella Classico,64,other,
Coonawarra-Eden Valley,63,other,
New England,63,other,
North Otago,63,other,
Piemonte DOC,63,other,
Clos des Lambrays,62,other,
Cotes du Roussillon Villages,62,other,
Mediterranee IGP,62,other,
Neusiedlersee,62,other,
Paso Robles,62,other,
Santa Maria Valley,62,other,
Vin de Pays de L'Herault,62,other,
Wilyabrup,62,other,
Yecla,62,other,
Blanc de Blancs Brut,61,other,
Faugeres,61,other,
London,61,other,
Maipo Valley,61,other,
Morellino di Scansano DOCG,61,other,
Orange/Mudgee,61,other,
Swartland,61,other,
Vine Vale,61,other,
Yea Valley,61,other,
Bendigo-Heathcote,60,other,
Billard,60,other,
Calabria,60,other,
California / Napa Valley,60,other,
Jurancon,60,other,
Priorat DOCa,60,other,
Heathcote/Mclaren Vale,59,other,
Maotai,59,other,
Meursault-Poruzots,59,other,
Oregon,59,other,
Primitivo di Manduria,59,other,
Rhône / Châteauneuf-du-Pape,59,other,
Coteaux d'aix en Provence,58,other,
Francia - Rodano,58,other,
Skye,58,other,
Sudsteiermark,58,other,
Valpolicella Superiore,58,other,
Vin de Pays des Collines Rhodaniennes,58,other,
Bergheim,57,other,
Bourgogne / Côte-d’Or,57,other,
Coonawarra-Clare,57,other,
Delle Venezie,57,other,
Southern Flinders,57,other,
Valtellina Superiore,57,other,
Vino da Tavola,57,other,
Armagnac,56,other,
Bordeaux / Saint-Julien,56,other,
Colli Orientali del Friuli,56,other,
Cuba,56,other,
Undicicomuni,56,other,
Vire-Clesse,56,other,
Blanc de Blancs,55,other,
Coonawarra (DO NOT USE,55,other,
Francia,55,other,
Gueberschwihr,55,other,
Lombardia,55,other,
Pommard-Epenots,55,other,
Sharkstone Chardonnay,55,other,
Toscana  - Chianti,55,other,
Chianti Classico Riserva DOCG,54,other,
Hunter River,54,other,
Ribeira Sacra,54,other,
South West Western Australia,54,other,
Taurasi DOCG,54,other,
 Italia - Venezia Giulia,53,other,
Geographe,53,other,
Jamaica,53,other,
Montalcino - Brunello di Montalcino,53,other,
Umbria IGT,53,other,
ARABAKO TXAKOLINA,52,other,
Clare Valley-Adelaide Hills,52,other,
Coteaux Varois en Provence,52,other,
Ferguson Valley W.A.,52,other,
Hautes Cotes de Nuits,52,other,
Puglia IGP,52,other,
Cotes de Blaye,51,other,
Maranges,51,other,
Moscato d'Asti,51,other,
Valpolicella,51,other,
Gavi,50,other,
IGT Alta Valle della Greve,50,other,
Ladoix,50,other,
Mourvedre Barossa Valley,50,other,
Nemea,50,other,
Paarl,50,other,
South West England,50,other,
Val De Loire IGP,50,other,
 Chianti - Super Tuscan,49,other,
 Italia - Trentino Alto Adige,49,other,
Cannonau di Sardegna DOC,49,other,
Chiroubles,49,other,
Coteaux du Layon Chaume,49,other,
Flinders Ranges,49,other,
Franken,49,other,
Hunter Valley - Hilltops,49,other,
La Romanee,49,other,
Macon-Verze,49,other,
Old Vine Shiraz,49,other,
Piemonte - Langhe,49,other,
Sonoma County,49,other,
St-Peray,49,other,
Altamira,48,other,
Colchagua,48,other,
Côte de Nuits Village,48,other,
Etna Bianco DOC,48,other,
IGT,48,other,
Tenerife,48,other,
Bordeaux / Margaux,47,other,
Collio Goriziano/Collio,47,other,
Eguisheim,47,other,
Friuli-Venezia Giulia,47,other,
Grande Champagne,47,other,
Sardinia,47,other,
Catalunya,46,other,
Colli Lucchesi,46,other,
England,46,other,
IGT Toscana,46,other,
Montagny,46,other,
Provence,46,other,
Roero,46,other,
Sori Del Cascinotto,46,other,
Valpolicella Classico Superiore DOC,46,other,
 Italia - Grappa,45,other,
Chorey-les-Beaune,45,other,
McLaren Vale-Padthaway,45,other,
Monthelie-les-Duresses,45,other,
Montlouis-sur-Loire,45,other,
Okanagan Valley,45,other,
Vin De Corse,45,other,
Champagne - Gift Box,44,other,
Clos de Mon Plaisir,44,other,
Oltrepo Pavese,44,other,
Riserva,44,other,
Saint Emilion,44,other,
Vin de Pays de L'Ardeche,44,other,
Alentejo,43,other,
Bonnezeaux,43,other,
Jura,43,other,
Rocche Di Castiglione,43,other,
Bierzo DO,42,other,
Costieres de Nimes,42,other,
Coteaux Varois En Provence,42,other,
L'Extravagant de Doisy-Daene,42,other,
Loupiac,42,other,
Mixed Varieties,42,other,
Moculta-Eden Valley,42,other,
Monterey,42,other,
Rheinpfalz,42,other,
San Pablo,42,other,
Siefersheimer,42,other,
Sta Rita Hills,42,other,
Tasman Peninsula,42,other,
Vin de Pays de L'aude,42,other,
Brouilly,41,other,
Canberra-Hilltops,41,other,
Chorey-Les-Beaunes Les Beaumonts,41,other,
Jalisco,41,other,
Langenlois,41,other,
Monash Valley,41,other,
Rosso di Montepulciano,41,other,
delle Venezia IGT,41,other,
 Italia - Metodo Classico,40,other,
Bordeaux / Pomerol,40,other,
Haut Médoc,40,other,
Moorabool,40,other,
Sweden,40,other,
Valle del Rapel,40,other,
Vendange Tardive Riesling,40,other,
Costeries de Nimes,39,other,
Distillati,39,other,
Julienas,39,other,
Luzern,39,other,
Ravenna Rosso IGT,39,other,
Ripasso della Valpolicella DOC,39,other,
Valpolicella Ripasso Classico Superiore Ca del Laito,39,other,
Carneros,38,other,
Cote de Beaune,38,other,
Lower Murray,38,other,
Salento IGT,38,other,
Savennieres-Roch-Aux-Moines,38,other,
South West France,38,other,
Valle Central,38,other,
Cairanne,37,other,
Médoc,37,other,
Patagonia,37,other,
Sanlucar de Barrameda,37,other,
Sicilia ,37,other,
Sicilia IGP,37,other,
Spagna - Brandy,37,other,
Trentino/Alto-Adige,37,other,
Carillon D'Angelus,36,other,
Colli Tortonesi,36,other,
Coonawarra-Wrattonbully,36,other,
Coteaux-du-Languedoc,36,other,
Echuca,36,other,
Healesville,36,other,
Isonzo DOC Rive Alte,36,other,
Vaucluse IGP,36,other,
 Italia - Langhe,35,other,
Anjou-Villages,35,other,
Brauneberg (Juffer),35,other,
Hemel-En-Aade Valley,35,other,
Umbria - Sagrantino di Montefalco,35,other,
Vermentino di Sardegna DOC,35,other,
 Italia - Campania,34,other,
Alicante,34,other,
Barossa Ranges,34,other,
Barossa Valley-Langhorne Creek,34,other,
Blanc,34,other,
Bordeaux superieur,34,other,
Colchagua Chile,34,other,
Irlanda - Whisky,34,other,
Limestone Coast - Langhorne Creek,34,other,
Mclaren Vale-Fleurieu,34,other,
Nessuno,34,other,
Ritme,34,other,
Rivesaltes,34,other,
Salento Rosso IGT,34,other,
Salice Salentino,34,other,
St-Chinian,34,other,
 Italia - Umbria,33,other,
Argentina,33,other,
Bolgheri Superiore DOC,33,other,
Clos des Hospices Dans Les Clos,33,other,
Eden-Barossa Valley,33,other,
Grave del Friuli,33,other,
Marsala DOC,33,other,
Osterreich,33,other,
Rylstone,33,other,
Valtellina,33,other,
Whisky,33,other,
 Italia - Denominazioni varie,32,other,
 Italia - Valtellina,32,other,
Bernkastel,32,other,
Biggenden,32,other,
Ch-Grillet,32,other,
Colchagua  Chile,32,other,
Coonawarra-Margaret River,32,other,
IGP Collines Rhodaniennes,32,other,
McLaren,32,other,
Nebbiolo Langhe,32,other,
South Burnett,32,other,
Toscana / Chianti,32,other,
Toskana,32,other,
Vino Rosso Toscana,32,other,
 Italia - Sicilia,31,other,
Barossa Valley-Great Western,31,other,
Cienega Valley,31,other,
Cremant de Bourgogne,31,other,
Drei-Seen-Land / Neuchâtel,31,other,
Fine Champagne Cognac,31,other,
Hunter Valley-Mudgee,31,other,
Niederosterreich,31,other,
Pessac-Léo,31,other,
San Gimignano,31,other,
Santa Rita Hills,31,other,
Sardegna,31,other,
Slovenia,31,other,
Tavel,31,other,
Treviso,31,other,
holds 12 bottles,31,other,
 Italia,30,other,
 Italia - Lombardia,30,other,
Barolo Marenca,30,other,
Frankland River-Margaret River,30,other,
Languedoc-Roussillon / Languedoc,30,other,
Magill,30,other,
Meursault-Santenots,30,other,
Moulin-A-Vent,30,other,
Rennina,30,other,
Riquewihr Alsace,30,other,
Saint-Amour,30,other,
Toscana  - Nobile di Montepulciano,30,other,
Bouzy,29,other,
Puglia IGT,29,other,
Rocche di Castiglione Barolo,29,other,
Upper Yarra Valley,29,other,
Valpolicello Classico Superiore,29,other,
Wrattonbully-Coonawarra,29,other,
 Italia - Barbera,28,other,
 Italia - Brandy,28,other,
 Italia - Distillati,28,other,
 Italia - Franciacorta,28,other,
Carnasciale,28,other,
Dundee Hills,28,other,
Genf,28,other,
Giamaica - Rum,28,other,
Haut-Rhin,28,other,
Hunter Valley-Langhorne Creek,28,other,
Les Aromes de Pavie(second wine by Pavie),28,other,
Les Beatines Rouge,28,other,
Marlborough/Hawkes Bay,28,other,
Methode Traditionnelle,28,other,
Petite Champagne,28,other,
Prosecco,28,other,
Puente Alto,28,other,
Roero Arneis,28,other,
Scozia - Distillati,28,other,
St-Veran,28,other,
The Lakeland Gin,28,other,
Trebbiano d'Abruzzo,28,other,
Unlabelled,28,other,
Big Rivers,27,other,
Bourgueil,27,other,
Chianti Rufina,27,other,
Coastal Region,27,other,
Delle Venezie IGT,27,other,
Francia - Distillati,27,other,
Heathcote DO NOT USE THIS CODE (use code:CLLPS),27,other,
Holland,27,other,
Hungary,27,other,
Isola dei Nuraghi IGT,27,other,
Macon-Uchizy,27,other,
Niagra,27,other,
Old Matured (Hermitage) Shiraz,27,other,
Santa Ynez Valley,27,other,
Savigny,27,other,
Vintage Brut Champagne,27,other,
 Champagne - Champagne,26,other,
 Italia - Vini Dolci,26,other,
Arbois Pupillin,26,other,
Bourgogne Hautes-Cotes de Nuits,26,other,
Canada,26,other,
Cataluña / Priorat,26,other,
Colchagua Valley,26,other,
Colline Lucchesi DOC,26,other,
Corton-Perrieres,26,other,
Moselle,26,other,
Murrumbidgee,26,other,
Netherlands,26,other,
Otway Hinterland,26,other,
Piemonte - Chardonnay,26,other,
Rioja DOCa,26,other,
Sugarille,26,other,
Tumbarumba-Margaret River,26,other,
37% ABV Bundaberg,25,other,
Ahr,25,other,
Chateau 'R' Dry White,25,other,
Coteaux d'Aix en Provence,25,other,
Coteaux de Peyriac,25,other,
Dao,25,other,
Delle Venezie DOC,25,other,
Denmark Western Australia,25,other,
Extremadura,25,other,
Paraje Altamira,25,other,
Petit-Chablis,25,other,
Pfaffenheim,25,other,
Riesling Trocken Vom Blauen Schiefer,25,other,
South East Australia,25,other,
Taburno Bianco,25,other,
Valdepenas,25,other,
Verona,25,other,
Vintage Port,25,other,
 Italia - Piemonte,24,other,
 Italia - Veneto,24,other,
4 Bottle Set,24,other,
Bourgogne Pinot Noir Antonin,24,other,
Bündner Herrschaft,24,other,
Cote d'Or,24,other,
Cotes de Duras,24,other,
Cotes du Tricastin,24,other,
Graubünden,24,other,
Hunter Valley-Rutherglen,24,other,
Late Disgorged Sparkling Shiraz,24,other,
Les Grands Blancs Extra-Brut,24,other,
Maremma Toscana IGT,24,other,
Mendocino,24,other,
Nelson - South Island,24,other,
R de Rieussec Blanc Sec,24,other,
Single Malt Whisky,24,other,
Sonoma Valley,24,other,
Toscana / Brunello di Montalcino,24,other,
Yarra Valley-Victoria,24,other,
Corton-Vergennes,23,other,
Coteaux Bourguignons,23,other,
Hunter Valley-Orange,23,other,
Mittelburgenland,23,other,
Montlouis,23,other,
North West Victoria,23,other,
Rachis Syrah,23,other,
Rosso del Veronese,23,other,
Rubicone IGT,23,other,
Vin Santo Del Chianti,23,other,
Vin Santo Del Chianti Classico,23,other,
Yunnan Province,23,other,
40% ABV Scotland,22,other,
Amarone della Valpolicella Classico,22,other,
Barolo Ravera,22,other,
Cataluña,22,other,
China,22,other,
Coteaux Champenois,22,other,
ETNA Rosso DOC,22,other,
Emilia-Romagna,22,other,
Francia - Denominazioni varie,22,other,
Francia - Loira,22,other,
Hunter Valley-Adelaide Hills,22,other,
Jane Anson,22,other,
Kalimna-Eden Valley,22,other,
Kientzheim/Sigolsheim,22,other,
Monbazillac,22,other,
Montalcino,22,other,
Pet Nat,22,other,
Rhône / Hermitage,22,other,
Rum,22,other,
Syme and Oakridge Fumare,22,other,
USA,22,other,
Veneto - Valpolicella,22,other,
Amarone Della Valpolicella,21,other,
Ambonnay,21,other,
Coonawarra-Padthaway,21,other,
Cote de Beaune-Villages,21,other,
Coteaux du Layon Beaulieu,21,other,
Cotes Catalanes,21,other,
Dhron,21,other,
Friuli-Venezia,21,other,
Guatemala,21,other,
Hautes Cotes de Beaune,21,other,
IL Caberlot,21,other,
La Consulta,21,other,
Latisana,21,other,
Macon,21,other,
Madrid,21,other,
Marche IGT,21,other,
Margaret River & Pemberton,21,other,
Northern Territory,21,other,
Notre Passion,21,other,
Palette,21,other,
Pay d'Oc,21,other,
Portland,21,other,
Premieres Cotes de Blaye,21,other,
Spagna - Rioja,21,other,
St-Croix-du-Mont,21,other,
Swartland South Africa,21,other,
The Lowlands,21,other,
Ukraine,21,other,
Valencia,21,other,
Valle de Apalta,21,other,
Veneto - Amarone,21,other,
Vosne Romanee,21,other,
Yarra Valley-Geelong,21,other,
 Italia - Alto Adige,20,other,
 Italia - Gattinara,20,other,
Aude IGP,20,other,
Australia.,20,other,
Ay Champagne,20,other,
Bergerac,20,other,
Bretagne,20,other,
Chianti Rufina DOCG,20,other,
Colline Novaresi DOC,20,other,
Corton-Languettes,20,other,
Greco di Tufo,20,other,
Irpinia DOC,20,other,
Lazio,20,other,
McLaren Vale (DO NOT USE. USE CRBPCSS),20,other,
Nebbiolo D'Alba,20,other,
Neusiedlersee Hugelland,20,other,
Port,20,other,
Priorat DOQ,20,other,
Riesling Trocken Vom Roten Schiefer,20,other,
Sangiovese di Romagna,20,other,
Schlossberg,20,other,
Toscana Rosso IGT,20,other,
Valdobbiadene,20,other,
Valpolicella - Amarone,20,other,
Ventoux AOC,20,other,
Vin de Pays L'Herault,20,other,
 Italia - Montepulciano d'Abruzzo,19,other,
 Italia - Taurasi,19,other,
 Italia - Valpolicella,19,other,
Bordeaux / Barsac,19,other,
Bussia,19,other,
Campbeltown,19,other,
Canada - Whisky,19,other,
Casablanca Valley,19,other,
Cerasuolo di Vittoria DOCG,19,other,
Chengdu,19,other,
Chianti Colli Senesi,19,other,
Costers de Segre,19,other,
Cotes de Bergerac,19,other,
Hautes Cotes de Nuits Rouge,19,other,
Kamptal DAC,19,other,
Langhe - Langhe,19,other,
Langhe Nebbiolo DOC,19,other,
Le Cloud,19,other,
Northern Slopes,19,other,
Recioto della Valpolicella DOCG,19,other,
Santorini,19,other,
Sonoma Mountain,19,other,
Venezuela,19,other,
Westhofen,19,other,
Whitlands Gippsland,19,other,
Barbados,18,other,
Beaujolais Villages Vieilles Vignes,18,other,
Bordeaux / Pessac-Léognan,18,other,
Byron Bay,18,other,
Carinena,18,other,
Chassagne-Montrachet Rouge,18,other,
Conegliano Valdobbiadene,18,other,
Coste della Sesia Rosso DOC,18,other,
Franciacorta,18,other,
Gallura,18,other,
Ile de Beaute IGP,18,other,
Ltd Edition XXVII Olympiad Tawny Port,18,other,
Macon-Chaintre,18,other,
Maipo,18,other,
Marche ,18,other,
Padthaway-Heathcote,18,other,
Pemberton-Margaret River,18,other,
Piave,18,other,
Pommard-Chanlins,18,other,
Saint-Veran,18,other,
Salento,18,other,
Second wine of Chateau Lafleur,18,other,
Terra Alta DO,18,other,
Valenciana,18,other,
Volnay-Brouillards,18,other,
Wallaroo,18,other,
Warren Valley,18,other,
 Italia - Marsala,17,other,
Aglianico Del Taburno,17,other,
Aglianico del Vulture,17,other,
Alicante DO,17,other,
Barolo Serralunga,17,other,
Beiras,17,other,
Bordeaux Rose,17,other,
Bourgogne / Chablis,17,other,
Castilla y León,17,other,
Chianti Riserva,17,other,
Cuba - Rum,17,other,
Dominio de Valdepusa,17,other,
Fixin-Hervelets,17,other,
Giappone   - Whisky,17,other,
Lujan de Cuyo,17,other,
Northern Slopes New South Wales,17,other,
Pecharmant,17,other,
Pessac -Léognan,17,other,
Piemonte - Barbera,17,other,
Piemonte / Barolo,17,other,
Schaffhausen,17,other,
South Africa,17,other,
Trinidad - Rum,17,other,
Tupungato,17,other,
Val d’Arno di Sopra DOC,17,other,
Alpes de Haute Provence IGP,16,other,
Bennelong Tawny Port,16,other,
Bordeaux / Graves,16,other,
Chateau-Chalon,16,other,
Cortese Alto Monferrato,16,other,
Corton-Greves,16,other,
Côtes de Bourg,16,other,
Francia - Linguadoca,16,other,
Gaillac,16,other,
Guyana - Rum,16,other,
Kent,16,other,
Marsannay-la-Cote,16,other,
Massi Fitti,16,other,
Nizza DOCG,16,other,
North Island,16,other,
Orvieto,16,other,
Pays de l'Herault IGP,16,other,
Russian River Valley AVA,16,other,
Saint Julien,16,other,
Sardegna DOC,16,other,
Saumur Rouge,16,other,
Taurasi,16,other,
The Balance Dry Red,16,other,
Valle d'Aosta,16,other,
Werribee,16,other,
Aux Reignots,15,other,
Ay,15,other,
Beaujolais Crus,15,other,
Beenleigh,15,other,
Bouzeron AOC,15,other,
Bowral,15,other,
Casablanca,15,other,
Clos Apalta,15,other,
Germania - Mosella,15,other,
Jamaica - Rum,15,other,
Jerez,15,other,
Karridale,15,other,
Kindred Vineyards Semillon,15,other,
Morgon Côte du Py,15,other,
Piemonte / Barbaresco,15,other,
Rosso di Toscana,15,other,
Saumur Blanc,15,other,
Second Wine of Ch. Las-Cases,15,other,
Tasmania – East Coast,15,other,
Toscana DOC,15,other,
Trento,15,other,
Trinidad & Tobago,15,other,
Vin de Pays du Comte Tolosan,15,other,
Zürich,15,other,
 Chianti - Chianti,14,other,
Alpilles IGP,14,other,
Amyndeon,14,other,
Asti,14,other,
Barbera d'Alba DOCG,14,other,
Beaumes De Venise,14,other,
Bekaa Valley,14,other,
Calatayud,14,other,
Campania - Aglianico,14,other,
"Campania - Aglianico, Piedirosso",14,other,
Caribbean,14,other,
Central Highlands,14,other,
Coastal Region / Stellenbosch,14,other,
Corton-Marechaudes,14,other,
Corvina Veronese IGT,14,other,
Coteaux d'Aix,14,other,
Cotes d'Auxerre,14,other,
Fiano Di Avellino DOCG,14,other,
Francia - Provenza,14,other,
Franschhoek Valley,14,other,
Friuli,14,other,
Guebwiller,14,other,
Horsham,14,other,
Macon-Milly-Lamartine,14,other,
Mid North S.A.,14,other,
Orkney Islands,14,other,
Patrimonio AOC,14,other,
Porepunkah,14,other,
Romagna DOC,14,other,
Sud-Ouest / Madiran,14,other,
Valle Central / Valle de Rapel,14,other,
Valle de Limari,14,other,
Vin De France,14,other,
Washington,14,other,
Amarone Della Valpolicella Classico,13,other,
Banyuls,13,other,
Barbados - Rum,13,other,
Beaune-Clos du Roi,13,other,
Carmignano,13,other,
Catalonia,13,other,
Central Valley,13,other,
Colli Aprutini IGT,13,other,
Collioure,13,other,
Cotes et Premieres Cotes de Blaye,13,other,
Croatia,13,other,
Emilia IGT,13,other,
Ghemme,13,other,
Gimblett Gravels,13,other,
Great Western-Rutherglen-Barossa,13,other,
Greyton,13,other,
Hastings River,13,other,
I Think Manzanilla,13,other,
Israel,13,other,
LA County,13,other,
Les Fairendes Vieilles Vignes,13,other,
Lowlands,13,other,
Maipu,13,other,
Marsannay Blanc,13,other,
Martinica - Rum,13,other,
Patras,13,other,
Piemonte - Nord Piemonte,13,other,
Port Phillip,13,other,
Portogallo - Distillati,13,other,
Pouilly-Vinzelles,13,other,
Pyrenees-Heathcote-Grampians,13,other,
Quindalup,13,other,
Rasteau,13,other,
Reserve Bottling,13,other,
Santenay Les Gravieres,13,other,
Terre Siciliane,13,other,
Touraine AOC Methode Traditionnelle,13,other,
VIN D'Alsace,13,other,
Val De Loire,13,other,
Valle de la Orotava DO,13,other,
Vallee De L'aude,13,other,
Wahgunyah,13,other,
Waipara-Canterbury,13,other,
Y/Valley,13,other,
Yamhill Carlton,13,other,
 Italia - Gin,12,other,
Barolo Serralunga DOCG,12,other,
Bougros,12,other,
Bourgogne Hautes Cotes de Beaune blanc,12,other,
Bourgogne Passe-Tout-Grains AC,12,other,
Corbieres Boutenac,12,other,
Cote de Provence,12,other,
Eden Valley 1970 - 1999 Collection,12,other,
Erbaluce di Caluso DOCG,12,other,
Gibbston,12,other,
Imereti,12,other,
Kermit Lynch,12,other,
Leroy,12,other,
Luberon,12,other,
Mornington,12,other,
Moulin a Vent,12,other,
Naoussa,12,other,
Nierstein,12,other,
Padthaway-Coonawarra,12,other,
Pommard-Pezerolles,12,other,
Port Phillip Bay,12,other,
Rapel,12,other,
Riesling Marienburg GG Falkenhay,12,other,
Riesling Marienburg GG Rothenpfad,12,other,
Saint-Estephe,12,other,
Satoraljaujhely,12,other,
Sicilia  - Etna,12,other,
Soave Classico DOC,12,other,
St.-Veran,12,other,
Tanunda,12,other,
The Peninsulas,12,other,
Torgiano,12,other,
Trentino - Alto Adige - Metodo Classico,12,other,
Tuscany IGT,12,other,
Vacuum Pump and Stoppers,12,other,
Verdicchio di Matelica,12,other,
Vernaccia di San Gimignano DOCG,12,other,
Veronese IGT,12,other,
Victoria-South Australia,12,other,
Vinho Verde,12,other,
Westkap,12,other,
Abruzzi,11,other,
Anjou Gamay,11,other,
Bendigo/Yarra Valley,11,other,
Blanc Chassagne-Montrachet,11,other,
Bolgheri IGT,11,other,
Breedekloof,11,other,
Broke/Hunter Valley,11,other,
Cabernet Merlot Sangiovese Rosso di Toscana,11,other,
Castelli Di Jesi,11,other,
Chouilly - Bisseuil Champagne,11,other,
Curico,11,other,
East Coast,11,other,
Finger Lakes,11,other,
Francia - Pauillac,11,other,
Fume De Pouilly,11,other,
Graach,11,other,
Guadalupa - Rum,11,other,
IGT Veneto,11,other,
Kakheti,11,other,
Knights Valley,11,other,
Langhe Rosso DOC,11,other,
Leyda Valley,11,other,
Listrac-Médoc,11,other,
Lugana,11,other,
Macon-Bussieres,11,other,
Manzanilla Sanlucar de Barrameda,11,other,
Merlot Malbec Bergerac,11,other,
Mittelwihr,11,other,
Moldova,11,other,
Mount Benson,11,other,
New England - New South Wales,11,other,
Northwood Victoria,11,other,
Phillip Island,11,other,
Riesling Marienburg GG Fahrlay,11,other,
Riviera Ligure di Ponente Ormeasco,11,other,
Rully Banc,11,other,
Rutherford,11,other,
Saitama Prefecture,11,other,
Sant'Antimo DOC,11,other,
Slovakia,11,other,
Somontano,11,other,
Switzerland,11,other,
Table for 4 People,11,other,
Terre di Chieti,11,other,
Thermenregion,11,other,
Trentino - Alto Adige - Chardonnay,11,other,
Upper Adelaide,11,other,
Urban,11,other,
Utiel-Requena,11,other,
Vigneti Delle Dolomiti Rosso IGT,11,other,
Vin de Pays du Jardin de la France,11,other,
 Italia - --- VINI---,10,other,
 Italia - Lazio,10,other,
 Italia - Nero d'Avola,10,other,
2013,10,other,
Abruzzo - Montepulciano d'Abruzzo,10,other,
Alpine Valley,10,other,
Beaune-Toussaints,10,other,
Brisbane,10,other,
CBD Shiraz Coonawarra,10,other,
Canterbury/Malborough,10,other,
Castilla-La Mancha,10,other,
Clare Valley & Tasmania,10,other,
Corn and Rye Bottle Tasting Pack Vodka,10,other,
Duke and Moorfield Vintners bottling Shiraz Cabernet,10,other,
Eastern Australia,10,other,
Epanomi,10,other,
Francia - Brandy,10,other,
Highland Single Malt Whisky 57.1%ABV,10,other,
Hobart,10,other,
Isonzo,10,other,
Keyneton,10,other,
King Valley-Hunter Valley,10,other,
Langhorne Creek/Adelaide Hills,10,other,
Le Marche,10,other,
Legacy Edition,10,other,
Limestone Coast-McLaren Vale,10,other,
Limoux,10,other,
Macedon Ranges USE CODE (EPNMAC),10,other,
McLaren Vale - Clare Valley,10,other,
McLaren Vale-Adelaide Hills,10,other,
Molise,10,other,
Monterey AVA,10,other,
Ovens Valley,10,other,
Pays d'Auge,10,other,
Porto,10,other,
Russia - Vodka,10,other,
Salta,10,other,
Sardegna - Isola dei Nuraghi,10,other,
Sec,10,other,
Sicilia  - Nero d'Avola,10,other,
South Australia / Barossa Valley,10,other,
St-Georges-St-Emilion,10,other,
Stati Uniti - Napa Valley,10,other,
Sud-Ouest / Cahors,10,other,
Texas,10,other,
USE JECS),10,other,
Valpolicella Classico Superiore,10,other,
Vin De Pays Des Cotes De Gascogne,10,other,
Vins de Pays de Côtes Catalanes,10,other,
Weinland,10,other,
Wurttemberg,10,other,
 Chianti,9,other,
 Italia - Sagrantino di Montefalco,9,other,
 Italia - Soave,9,other,
 Italia - Trebbiano,9,other,
Aconcagua / Valle del Aconcagua,9,other,
America - Whisky,9,other,
Anjou Chenin Blanc,9,other,
Beaune Blanc,9,other,
Blancs de Blancs Brut,9,other,
Blanquette de Limoux,9,other,
Borgeri Bianco,9,other,
Brut Rose,9,other,
Canberra District/ Tumbarumba,9,other,
Chianti Montespertoli,9,other,
Cirrus Single Vineyard Riesling,9,other,
Clare Valley-Tasmania,9,other,
Coonawarra-Goulburn Valley,9,other,
Cotes Du Forez,9,other,
Diano D'Alba,9,other,
Dolcetto d'Alba DOC,9,other,
Fine Bourgogne,9,other,
Flaxman-Pressings-Helbig Shiraz,9,other,
Francia - Alsazia,9,other,
Genevrieres,9,other,
Grosslage,9,other,
Highlands,9,other,
Itata,9,other,
Jarollieres,9,other,
Jasnieres,9,other,
Katsunuma,9,other,
Listrac-Medoc,9,other,
Macon-Lugny,9,other,
Marc de Bourgogne,9,other,
Maule,9,other,
Mittelburgenland DAC,9,other,
Mount Barker-Margaret River,9,other,
Napa-Sonoma Valley,9,other,
Nebbiolo d'Alba DOC,9,other,
Now it is just Wine!,9,other,
Offida,9,other,
Padthaway-McLaren Vale,9,other,
Pays d'Herault IGP,9,other,
Pinner,9,other,
Quincy,9,other,
Rapet,9,other,
Rhone,9,other,
Ribera del Duero DO,9,other,
Riverina -King Valley,9,other,
Rouffach,9,other,
Saint-Nicolas-de-Bourgueil,9,other,
Savigny-Vergelesses,9,other,
Schoenenbourg,9,other,
Serralunga d'Alba,9,other,
South Island,9,other,
Southern Fleurieu Peninsula,9,other,
Southern Victoria,9,other,
Tawny Port,9,other,
Terre Di Valfredda,9,other,
Thessalia,9,other,
Valladolid / Castile and León,9,other,
Valpolicella Ripasso DOC,9,other,
Vermentino di Gallura DOCG,9,other,
Vinho Regional Alentejano,9,other,
Vino de La Tierra de Castilla y Leon,9,other,
Virginia,9,other,
Waadt / La Côte,9,other,
Walla Walla Valley,9,other,
Werribee-Heathcote,9,other,
Western Plains,9,other,
Wuhai Valley,9,other,
late disgorged Chardonnay Pinot Noir,9,other,
 Italia - Rosso di Montalcino,8,other,
AU,8,other,
Ambra Semi-Secco DOC,8,other,
Auxey-Duresses Blanc,8,other,
BOLGHERI Superiore D.O.C,8,other,
Bairrada,8,other,
Blanc Bandol,8,other,
Blended Whisky,8,other,
Brandy,8,other,
Bridgelands Vineyard Chardonnay,8,other,
Carema,8,other,
Castillo-Léon,8,other,
Chenas,8,other,
Chianti Classico Gran Selezione DOCG,8,other,
Ciro,8,other,
Colline Pescaresi IGT,8,other,
Colombia,8,other,
Coonawarra/Wrattonbully,8,other,
Coteaux du Languedoc AC,8,other,
Cremant de Limoux,8,other,
Côtes de Bordeaux,8,other,
Darling Ranges,8,other,
Dolcetto d'alba,8,other,
Durbanville,8,other,
Fins Bois,8,other,
Francia - Calvados,8,other,
Francia - Riesling,8,other,
Friuli Grave DOC,8,other,
GSM,8,other,
Galluccio DOC,8,other,
Gascogne,8,other,
Gattinara DOCG,8,other,
Gold Coast Hinterland,8,other,
Home Vineyard Chardonnay,8,other,
Irpinia Aglianico DOC,8,other,
Itata Valley,8,other,
King-Alpine Valleys,8,other,
La Brocarde,8,other,
Liguria,8,other,
Macedon Ranges and Heathcote,8,other,
Mallorca,8,other,
McLaren Vale-King Valley-Coonawarra,8,other,
Mclaren Vale,8,other,
Mildura,8,other,
Montevideo,8,other,
Morellino di Scansano,8,other,
Mornington Peninsula-Yarra Valley,8,other,
Navarre,8,other,
North Coast AVA,8,other,
Northern Massif,8,other,
Poggio delle Rose' DOCG,8,other,
Ponte Do Lima,8,other,
QMP,8,other,
Rosso Piceno,8,other,
Shoalhaven Coast,8,other,
Sicilia  - Marsala,8,other,
Syrah No 2,8,other,
Teroldego Rotaliano DOC,8,other,
Toscana I.G.T.,8,other,
Trentino - Alto Adige,8,other,
Urzig (Wurzgarten),8,other,
Valdobbiadene Prosecco Superiore DOCG,8,other,
Valle de la Orotava,8,other,
Vigna Presenda,8,other,
Whiskey,8,other,
Yarra Valley/King Valley,8,other,
 Italia - Puglia,7,other,
Australia - Cabernet,7,other,
B By Fonbadet,7,other,
Barolo Baudana DOCG,7,other,
Barolo Magheria,7,other,
Beaujolais Nouveau,7,other,
Bermuda,7,other,
Bio-Bio Valley,7,other,
Boca DOC,7,other,
Bolgheri Rosso,7,other,
Bordeaux (Rouge),7,other,
Bramaterra,7,other,
Brindisi,7,other,
Buzet - South West France,7,other,
Cabardes,7,other,
Cava,7,other,
Charos,7,other,
Chianti ClassicoUse code CCCDFO,7,other,
Cina  - Distillati,7,other,
Colli Trevigiani,7,other,
Colli di Luni,7,other,
Colli di Salerno IGT,7,other,
Coonawarra-Langhorne Creek,7,other,
Corton-Les Grandes Lolieres,7,other,
Cote de Nuits - Borgogna,7,other,
Crete,7,other,
Denominazioni varie,7,other,
Drama,7,other,
"Francia, Martinica - Rum",7,other,
Frankland River - Mt Barker,7,other,
Frankland River / Mudgee,7,other,
Frascati,7,other,
Funchal,7,other,
GRAND BOURGEOIS La Damoiselle de Sociando-Mallet,7,other,
Garcia Albillo,7,other,
Getariako Txakolina,7,other,
Grand Vin Sec,7,other,
Hawkes Bay/Gisborne,7,other,
Howell Mountain,7,other,
Inghilterra - Gin,7,other,
Isonzo del Friuli DOC,7,other,
Karasì,7,other,
Kartli,7,other,
Ladoix-Serrigny,7,other,
Languedoc-Roussillon / Côtes du Roussillon-Villages,7,other,
Les Renardes,7,other,
Los Arrotos del Pendon,7,other,
Maconnais,7,other,
Magill-Eden Valley,7,other,
Margaret River-Blackwood Valley,7,other,
Mc Laren Vale,7,other,
McMinnville,7,other,
Mittelhaardt/Deutsche Weinstrasse,7,other,
Montsant DO,7,other,
Monvigliero,7,other,
Muscadet,7,other,
Muscadet De Sevre-et Maine sur lie,7,other,
New South Wales / Hunter Valley,7,other,
Ottantadue,7,other,
Palo Cortado,7,other,
Pantelleria,7,other,
Pays d'Auge AOC,7,other,
Persan,7,other,
Pinot Grigio,7,other,
Pittacum Mencia,7,other,
Porogurup,7,other,
Portogallo - Denominazioni varie,7,other,
Provence / Côtes de Provence,7,other,
Purcari,7,other,
Romania,7,other,
Rosso Toscana IGT,7,other,
San Martino della Battaglia,7,other,
Santa Barbara County,7,other,
Selection de Grains Nobles Gewurztraminer,7,other,
South Australia / McLaren Vale,7,other,
South Eastern Australia - South Australia,7,other,
Spagna - Distillati,7,other,
Spagna - Duero,7,other,
Taiwan,7,other,
Trentino - Alto Adige - Denominazioni varie,7,other,
Valle Central / Valle del Maipo,7,other,
Vista Flores,7,other,
Walla Walla Valley AVA,7,other,
Wellington,7,other,
holding 12 bottles per unit,7,other,
made in Malaysia,7,other,
vin de France,7,other,
 Italia - Curtefranca,6,other,
1 Pinot Gris,6,other,
Aargau / Unteres Aaretal,6,other,
Auxey-Meursault,6,other,
BOLGHERI Superiore  D.O.C,6,other,
Barbaresco DOCG Basarin,6,other,
Basilicata,6,other,
Bordeaux Blanc,6,other,
California - California,6,other,
Campania - Denominazioni varie,6,other,
Campania - Taurasi,6,other,
Central & Western Victoria,6,other,
Chapelle-Chambertin GC,6,other,
Chateauneuf-du-Pape Cuvee Imperiale,6,other,
Chianti Montespertoli DOCG,6,other,
Cochise County,6,other,
Colline Pescaresi,6,other,
Costa Blanca,6,other,
Cote de Buzet,6,other,
Cotes de Provence Rose,6,other,
Cotes du Luberon,6,other,
Daylesford,6,other,
Eger - Northern Massif,6,other,
En Spois,6,other,
Entre-de-Mers,6,other,
Etna Rosso,6,other,
FIJI,6,other,
Flaxman-Hoffman-Moorooroo,6,other,
Francia - Vini Dolci,6,other,
G. Lalanne,6,other,
Gaillac Doux,6,other,
Guadeloupe - Rum,6,other,
Hautes-Cotes de Nuits,6,other,
Hunter Valley-Coonawarra,6,other,
Hunter-Coonawarra-Clare,6,other,
Irpinia IGT,6,other,
Isle of Mull,6,other,
Kientzheim,6,other,
Lacrima di Morro d'Alba DOC,6,other,
Ladoix Village,6,other,
Lithuania,6,other,
Livermore Lake,6,other,
Macon Loche,6,other,
Macon-Chardonnay,6,other,
Macon-Clesse,6,other,
Macon-Fuisse,6,other,
Maizières Rully Blanc,6,other,
Manchuela,6,other,
McLaren Vale-Hunter Valley-Coonawarra,6,other,
Mise Tardive,6,other,
Monferrato Rosso,6,other,
Monopole,6,other,
Monterrei DO,6,other,
Mt Gambier,6,other,
NSW,6,other,
Nackenheim,6,other,
Nagambie,6,other,
Niedersachsen,6,other,
Nyulaszo,6,other,
Ollauri Rioja,6,other,
Piemont,6,other,
Pirque,6,other,
Pouilly-sur-Loire,6,other,
Red Mountain,6,other,
Rioja Santiago,6,other,
Sainte Croix Du Mont,6,other,
San Mateo Country,6,other,
Santiago,6,other,
Set of 22 magnums,6,other,
South Australia / Coonawarra,6,other,
South Island / Marlborough,6,other,
Special Club Grands Terroirs de Chardonnay,6,other,
St-Croix-du-Monte,6,other,
Tasmania East Coast,6,other,
"Toscana ,  Italia - Brunello di Montalcino",6,other,
Turkey,6,other,
Tuscany - Super Tuscan,6,other,
USA - Napa Valley,6,other,
Uragya,6,other,
Verdicchio dei Castelli di Jesi,6,other,
Vin de Pays,6,other,
Vin de Table,6,other,
Vouvray AOC Methode Traditionnelle,6,other,
Wallis / Chamoson,6,other,
Yarra Valley - Victoria,6,other,
hilltops barossa hunter,6,other,
les Beatines Blanc,6,other,
 Italia - Cabernet,5,other,
 Italia - Sardegna,5,other,
150th Anniversary Commemoration 1851-2001 Barossa Valley,5,other,
2017,5,other,
Aargau,5,other,
Amador County,5,other,
Amaranto,5,other,
Andalucia,5,other,
BOB MADE THIS Cabernet Franc Syrah,5,other,
Bad Kreuznach,5,other,
Baden-Württemberg,5,other,
Barossa Valley (DO NOT USE  use code PIRAS),5,other,
Bendigo-Central Victoria,5,other,
Beneventano IGT,5,other,
Bengaluru,5,other,
Bingen,5,other,
Blagny,5,other,
Bordeaux Supérieur,5,other,
Bourgogne Cote d'Or,5,other,
Bouzy Brut,5,other,
Brazil,5,other,
Breganze,5,other,
Brunello di Montalcino Riserva DOCG,5,other,
Ca D'Morissio Riserva,5,other,
Cabernet-Merlot,5,other,
Cachapoal Valley,5,other,
Cafayate Valley,5,other,
California / Sonoma County,5,other,
"Campania - Cabernet, Merlot, Aglianico",5,other,
Canon Fronsac,5,other,
Carmignano DOCG,5,other,
Cerasuolo d'Abruzzo,5,other,
Cerons,5,other,
Chardonnay Blend,5,other,
Chianti Classico Use code CCCDFO,5,other,
Classic Cask and Frogmore,5,other,
Clevedon,5,other,
Cognac - Distillati,5,other,
Coldstream Yarra Valley,5,other,
Collio Italy,5,other,
Conegliano,5,other,
Contantia,5,other,
Costa Toscana I.G.T.,5,other,
Cote du Brian IGP,5,other,
Cotes Catalanes IGT,5,other,
Cuvee Alabets et Alors,5,other,
Dry Riesling,5,other,
El Dorado AVA,5,other,
Estonia,5,other,
Galilee,5,other,
Gamay Fleurie,5,other,
Gavi DOCG,5,other,
"Giamaica, Caraibi - Rum",5,other,
Gioia del Colle,5,other,
Highland,5,other,
Hospice de Beaune,5,other,
Irish Whiskey,5,other,
Ischia,5,other,
Jamieson,5,other,
Kientzheim Alsace,5,other,
Kremstal Austria,5,other,
La Court Riserva,5,other,
Languedoc-Roussillon / Coteaux du Languedoc,5,other,
Languedoc-Roussillon / Minervois,5,other,
Leitrim,5,other,
Liqueur,5,other,
Livermore Valley,5,other,
Lombardia / Valtellina Superiore,5,other,
Macon Villages,5,other,
Macon-Cruzille,5,other,
Macon-Vinzelles,5,other,
Magill (use PSH),5,other,
Maury,5,other,
Menetou-Salon,5,other,
Merbein,5,other,
Meursault En La Barre,5,other,
Minervois-La Liviniere,5,other,
Montescudaio Rosso,5,other,
Negroamora & Malvasia,5,other,
Neiderhausen,5,other,
Nero d'Avola Sicily,5,other,
New England-Coonawarra-Central Ranges,5,other,
New York,5,other,
Ontario,5,other,
Orange-McLaren Vale,5,other,
Pacherenc du Vic Bilh,5,other,
Paestum IGT,5,other,
Palette AOC,5,other,
Paraguay,5,other,
Peralillo,5,other,
Peru,5,other,
Philippines,5,other,
Piemonte - Denominazioni varie,5,other,
Piemonte - Grappa,5,other,
Pouilly-Loche,5,other,
Premières Côtes de Blaye,5,other,
Riesling Trocken Vom Grauen Schiefer,5,other,
Robertson,5,other,
Rosso,5,other,
Rosso di Montalcino D.O.C.,5,other,
Rouge,5,other,
Russian River,5,other,
Saint Bris le Vineux,5,other,
Salento - Puglia,5,other,
San Antonio Valley,5,other,
Sant Sadurni D'Anoia,5,other,
Santa Cruz,5,other,
"Single Vineyard ""Swallowfield"" Chardonnay",5,other,
Single Vineyard Shiraz,5,other,
Southern Tablelands,5,other,
Spagna,5,other,
St-Foy-Bordeaux,5,other,
Sussex,5,other,
Südsteiermark,5,other,
Toscana  - Denominazioni varie,5,other,
Toscana  - Morellino di Scansano,5,other,
Toscana Bianco IGT,5,other,
Treppchen,5,other,
Trevenezie IGT,5,other,
Ungheria - Tokaji,5,other,
Valdobbiadene DOCG,5,other,
Vendange Tardive Tokay Pinot Gris,5,other,
Veneto - Denominazioni varie,5,other,
Verdicchio,5,other,
Verdicchio Classico Superiore,5,other,
Victoria / Pyrenees,5,other,
Victoria-Adelaide Hills,5,other,
Vin de France (Vouvray),5,other,
Vin de Pays Syrah,5,other,
Vin de table de France,5,other,
Vino de La Tierra de Castilla Leon,5,other,
Vorbourg,5,other,
Walker Bay,5,other,
Xinomavro Nature,5,other,
a tasting journey,5,other,
 Italia - Bolgheri,4,other,
 Italia - Marche,4,other,
 Italia - Spirit,4,other,
2002,4,other,
2012,4,other,
2015,4,other,
2xRose,4,other,
Abruzzo - Trebbiano,4,other,
Adelaide Plains - Hunter Valley,4,other,
Ajaccio,4,other,
Alba,4,other,
All Malt,4,other,
Almansa,4,other,
Amarone della Valpolicella - Veneto,4,other,
Amarone della Valpolicella Classico DOCG,4,other,
American Whiskey,4,other,
Anjou Blanc,4,other,
Apsley,4,other,
Ay-Champagne,4,other,
Barbera d' Alba,4,other,
Bardolino,4,other,
Basket Range,4,other,
Belgium,4,other,
Bielersee,4,other,
Blanc de blancs,4,other,
Boca,4,other,
Caldaro/Lago di Caldaro,4,other,
California / Alexander Valley,4,other,
California / Santa Cruz Mountains,4,other,
Calvados - Distillati,4,other,
Canelones,4,other,
Chateauneuf du Pape,4,other,
Chianti Rufina Riserva,4,other,
Chianti Superiore,4,other,
Cigales,4,other,
Clos de la Roche GC,4,other,
Coastal Region / Paarl,4,other,
Coastal Region / Swartland,4,other,
Colli Berici,4,other,
Colli Della Toscana Centrale,4,other,
Collines Rhodaniennes,4,other,
Collio,4,other,
Columbia Valley Washington,4,other,
Contra Costa County,4,other,
Coteaux du Giennois,4,other,
Cremant de Loire AC,4,other,
Cuvee Unique Reserve Vieilles Vignes,4,other,
Czech Republic,4,other,
Dalwood Estate/Wybong Park/Hunter Valley,4,other,
Douro Doc,4,other,
East Coast NZ,4,other,
Elgin,4,other,
Ermitage - Rodano,4,other,
Extra-Brut Vintage,4,other,
Faro Sicily DOC,4,other,
Finland,4,other,
Francia - Grappa,4,other,
Francia - Madiran,4,other,
Friuli-Venezia Giulia - Chardonnay,4,other,
Girvan,4,other,
Grand Vin de Bordeaux,4,other,
Greenock,4,other,
Hakataramea Valley,4,other,
Hospice des Beaune cuvee Fouquerand,4,other,
India,4,other,
Jerez de la Frontera,4,other,
King vally,4,other,
Kotayk,4,other,
Languedoc-Roussillon / Corbières,4,other,
Latvia,4,other,
Liqueur Cognac,4,other,
Loire / Anjou-Saumur,4,other,
Lombardia - Denominazioni varie,4,other,
Lombardia - Sforzato di Valtellina,4,other,
Low sulphur,4,other,
Macon-Ligny,4,other,
Madiera,4,other,
Maldonado,4,other,
Marsala Sicily,4,other,
Mercurey Blanc,4,other,
Messico - Distillati,4,other,
Meursault Les Tillets,4,other,
Millesime,4,other,
Moonambel,4,other,
Mosel Saar Ruwer,4,other,
Mt Richmond,4,other,
Murcia,4,other,
Napa Valley - Rutherford,4,other,
New Mexico,4,other,
Normandie,4,other,
North Coast,4,other,
Noto Rosso DOC,4,other,
Oregon / Columbia Valley,4,other,
PGI Cyclades,4,other,
Picpoul de Pinet,4,other,
Piedmont DOC,4,other,
Piedmont Spumante,4,other,
Pinot Noir Northern Tasmania,4,other,
Portogallo - Madeira,4,other,
Qualco,4,other,
Rapture Grenache Blend,4,other,
Rare Muscat,4,other,
Regnie,4,other,
Rheinland-Pfalz,4,other,
Rhine Riesling,4,other,
Rhône / Côtes du Luberon,4,other,
Rose,4,other,
Rose de Loire,4,other,
Rosso Di Torino,4,other,
Rosso Veronese IGT,4,other,
Roussette de Savoie,4,other,
Saint Estèphe,4,other,
Saint Joseph,4,other,
Saint-Joseph,4,other,
South Australia / Langhorne Creek,4,other,
Sparkling Wine,4,other,
Sud-Ouest,4,other,
Svizzera - Distillati,4,other,
Südburgenland,4,other,
Terre di Franciacorta,4,other,
Thurgau,4,other,
Tinta Molle,4,other,
Torino,4,other,
Toscana-Poggio Alla,4,other,
Treviso DOC,4,other,
Tuscany DO NOT USE - USE CODE: GRBDM,4,other,
Valdobbiadene Prosecco Superiore,4,other,
Valle De Curico,4,other,
Valpolicella Valpantena,4,other,
Var IGP,4,other,
Veneto - Grappa,4,other,
Verzy,4,other,
Vin Santo,4,other,
Vin de Pays des Bouches Du Rhone,4,other,
Vin des Allobroges,4,other,
Vine de France,4,other,
Vino da Tavola di Toscana,4,other,
Vinsobres,4,other,
Washington Island,4,other,
Yallingup,4,other,
Yenda,4,other,
Yorkville Highlands AVA,4,other,
cuvee Clos des Avaux,4,other,
 GUATEMALA - Rum,3,other,
 Italia - Aglianico,3,other,
 Italia - Etna,3,other,
 Italia - Fiano,3,other,
 Italia - Isola dei Nuraghi,3,other,
 Italia - Morellino di Scansano,3,other,
 Italia - Valle d'Aosta,3,other,
1 Shadrach-1 Meshach-1 Abednego Shiraz,3,other,
1967-2004 Shiraz,3,other,
2016,3,other,
6 vintages 1994-1999 Cabernet Cabernet Franc Merlot,3,other,
63.35% ABV,3,other,
Abruzzo - Denominazioni varie,3,other,
Aconcagua,3,other,
Adelaide Hills Pinot Noir,3,other,
Apulia,3,other,
Ascend Pinot Noir,3,other,
Asti DOCG,3,other,
Auslese Riesling Reichsgraf Von Kesselstatt,3,other,
Australia - Syrah,3,other,
Azerbagian - Cognac,3,other,
Banyuls Rouge,3,other,
Barbagia IGT,3,other,
Barossa Valley-Adelaide Hills,3,other,
Barossa Valley-Padthaway,3,other,
Basilicata - Aglianico,3,other,
Beaufort,3,other,
Beaumes-de-Venise,3,other,
Bienenberg,3,other,
Bordeaux / Entre-Deux-Mers,3,other,
Bordeaux Superieur Blanc Sec,3,other,
Breganze DOC,3,other,
British Columbia,3,other,
Brouilly Vielles Vignes,3,other,
Buttrio,3,other,
Cabernet Merlot,3,other,
Cabernet de Saumur,3,other,
Cachapoal,3,other,
Calvados,3,other,
Canterbury/Marlborough,3,other,
Carnuntum,3,other,
Carso,3,other,
Charmes-Chambertin.,3,other,
Cheverny,3,other,
Cilento,3,other,
Clare Valley(use code CCWR),3,other,
Classico Superiore DOC,3,other,
Colli Piacentini Gutturnio,3,other,
Colli di Salerno,3,other,
Colline Teramane Montepulciano d’Abruzzo,3,other,
Coonawarra / Limestone Coast,3,other,
Corton Rognet,3,other,
Cortona DOC,3,other,
Cortona-Montepulciano,3,other,
Coteaux du Layon St Lambert,3,other,
Coteaux du Quercy,3,other,
Coteaux du Vendomois AOC,3,other,
Cotes d'Auvergne AOC,3,other,
Cotes du Tarn,3,other,
Cowra-Hunter Valley,3,other,
Crimea,3,other,
Cuvee Baudot,3,other,
Cuvee de la Chapelle Gewurztraminer,3,other,
Côtes de Castillon,3,other,
Danakharuli,3,other,
Del Chianti Classico DOCG,3,other,
Dominican Republic,3,other,
Dublin,3,other,
English bottled Berry Bros & Rudd,3,other,
English bottled Vintage Port,3,other,
Eola-Amity Hills,3,other,
Extra Brut,3,other,
Field Blend,3,other,
Filetta di Lamole,3,other,
Fixin en L Olivier,3,other,
Fontanazza,3,other,
Fort Ross-Seaview,3,other,
Fortified Wine,3,other,
Francia - Beaujolais,3,other,
Francia - Chartreuse,3,other,
Francia - Francia,3,other,
Francia - Whisky,3,other,
Garganega Chardonnay,3,other,
Gembrook,3,other,
Geographe W.A,3,other,
Geographe-Margaret River,3,other,
Gladstone,3,other,
Graves Superieures,3,other,
Great Western-Barossa,3,other,
Hajos-Baja,3,other,
Hampshire,3,other,
Heathcote Syrah,3,other,
Highlands / Speyside,3,other,
Hunter Region,3,other,
Hunter Valley-McLaren Vale,3,other,
Hunter Valley-SE Auistralia,3,other,
Ile des Vergelesses,3,other,
Inghilterra - Distillati,3,other,
Isle of Jura,3,other,
J. Vandermeulen-Decanniere & Co Bottling,3,other,
La Clape AC,3,other,
La Vasee Savagnin,3,other,
Langhorne Creek-Hunter Valley-Orange,3,other,
Langhorne Creek-Yarra Valley,3,other,
Latakia,3,other,
Limestone Coast/Langhorne Creek,3,other,
Lisboa,3,other,
Lombardia - Metodo Classico,3,other,
Lombardia - Valtellina,3,other,
Macedon Ranges-Yarra Valley,3,other,
Marche,3,other,
Matakana,3,other,
Maule Valley,3,other,
Mauritius,3,other,
Messico - Tequila,3,other,
Moncalieri,3,other,
Montefalco Sagrantino DOCG,3,other,
Montlouis Sur Loire,3,other,
Morgon Cote du Py,3,other,
Moulis en Médoc,3,other,
Mudgee/McLaren Vale,3,other,
Muscadet Cotes De Grandlieu,3,other,
Muscat de Beaumes de Venise,3,other,
Muscat de Frontignan,3,other,
Muscat de Rivesaltes,3,other,
Naramata Bench-Okanagan Valley,3,other,
Negre,3,other,
New England-Hunter Valley,3,other,
New Orleans,3,other,
Niagra Ontario,3,other,
Normandy,3,other,
North West Slopes,3,other,
Oakville,3,other,
Oaxaca,3,other,
Obaideh,3,other,
Pacherenc du Vic Bilh Sec,3,other,
Padthaway-Barossa Valley-Coonawarra,3,other,
Perth,3,other,
Piccadilly Valley Chardonnay,3,other,
Piedmont - Barolo,3,other,
Piemonte - Colli Tortonesi,3,other,
Pommard - Borgogna,3,other,
Priorat D.O.Q,3,other,
Pur Mesnil and Pur Avize 3 Bottles Set,3,other,
Rectificando Invenies,3,other,
Red Mountain Columbia Valley Washington,3,other,
Región Metropolitana,3,other,
Rhône / Gigondas,3,other,
Ribeiro,3,other,
Rosso del Veronese IGT,3,other,
Rubicone,3,other,
Saint Estephe,3,other,
Saint-Bris,3,other,
Salento(use code LCRS),3,other,
Samos,3,other,
San Juan,3,other,
San Lucar,3,other,
Santa Rosa,3,other,
Santenay-Gravieres,3,other,
"Sardegna, Sicilia ",3,other,
Scenic Rim,3,other,
Serra Llarga,3,other,
Shimamoto,3,other,
Sigolsheim,3,other,
Singapore,3,other,
Single Islay Malt Whisky,3,other,
Somlo,3,other,
Sonoma Coast - California,3,other,
Sonoma-Napa Valley,3,other,
Southern Vales,3,other,
Spagna - Sherry,3,other,
Spagna - Spagna,3,other,
Spagna - VINI LIQUOROSI,3,other,
Sta. Rita Hills,3,other,
Terrasses du Larzac AOC,3,other,
Terre Siciliane Rosso IGT,3,other,
Three Oaks,3,other,
Tierras de Lastra,3,other,
Toscana  - Vin Santo,3,other,
Toscana / Vino Nobile di Montepulciano,3,other,
Trebbiano D'abruzzo,3,other,
Trentino - Alto Adige - Vigneti delle Dolomiti,3,other,
Ungheria - Distillati,3,other,
Vallagarina,3,other,
Verdicchio dei Castelli di Jesi Classico,3,other,
Victoria / Henty,3,other,
Vigna Valmaggiore Nebbiolo d'alba DOC,3,other,
Vigneti Delle Dolomiti,3,other,
Vigneti Monte Foscarino,3,other,
Vini Dolci,3,other,
Vintage Cuvee,3,other,
Von Doussa) Collectors Tawny Port,3,other,
Waadt / Lavaux,3,other,
Winery & History Tour,3,other,
Yarra Valley/Heathcote,3,other,
d'Alba,3,other,
third wine of Chateau Belair-Monanage,3,other,
Ștefan Vodă / Purcari,3,other,
 Antigua - Rum,2,other,
" Italia - Aglianico, Piedirosso",2,other,
" Italia - Cabernet, Merlot, Aglianico",2,other,
 Italia - Champagne,2,other,
 Italia - Derthona,2,other,
 Italia - Emilia Romagna,2,other,
 Italia - Merlot,2,other,
 Italia - Nobile di Montepulciano,2,other,
 Italia - Passito,2,other,
 Italia - Spumante,2,other,
 Italia - Tokaji,2,other,
 Nuova Zelanda - Denominazioni varie,2,other,
'98 The Factor,2,other,
(Made in co-operation with Mildara Blass),2,other,
07,2,other,
2 Glass Boxed SET,2,other,
2005,2,other,
2007 & 2008,2,other,
2008 and 2018 Shiraz,2,other,
2018,2,other,
40% ABV Iceland,2,other,
6 Times Distilled,2,other,
A Buck Short Muscat,2,other,
Abruzzo / Montepulciano d'Abruzzo Colline Teramane,2,other,
Adelaide Hills/Clare Valley,2,other,
Alpes de Haute Provence,2,other,
Alto-Adige,2,other,
Amoureuses,2,other,
Angaston (Hermitage) Shiraz,2,other,
Applegate Valley,2,other,
Arkansas,2,other,
Armagnac - Distillati,2,other,
Armenia,2,other,
Atlantida,2,other,
Attika,2,other,
BRUNELLO DI MONTALCINO 'RISERVA'  Riserva (use code MASTRIS),2,other,
Barbera D'Alba,2,other,
Barbera d'Alba Superiore,2,other,
Barbera d'Asti Superiore,2,other,
Basilicata IGT,2,other,
Basilicata Italy,2,other,
Bass Coast,2,other,
Beaujolais-Villages Rouge,2,other,
Beaune-Aigrots,2,other,
Bendigo/Grampians,2,other,
Berrima,2,other,
Bicentenary Limoges Porcelain Book Decanter,2,other,
Blaufrankisch - Kekfrankos,2,other,
Blue Mountains,2,other,
Bordeaux - Bordeaux,2,other,
Bordeaux Blanc AOC,2,other,
Bordeaux et Entre-Deux-Mers-Haut-Benauge,2,other,
Botrytis Semillon,2,other,
Bourgogne Chardonnay,2,other,
Bourgogne Hautes Cotes de Nuits,2,other,
Bourgogne Passetoutgrain,2,other,
Bourgogne Pinot Noir,2,other,
Bourgogne Rose-Clairet,2,other,
Brachetto d'Acqui,2,other,
Braide Alte,2,other,
Brut Sparkling,2,other,
Bulgaria,2,other,
CACHAPOAL VALLEY,2,other,
Cadillac Cotes de Bordeaux,2,other,
Calaveras County,2,other,
California - Napa Valley,2,other,
California / Paso Robles,2,other,
Calvados AOC,2,other,
Canada - Vini Dolci,2,other,
Canberra,2,other,
Cassis,2,other,
Cataño,2,other,
Caversham,2,other,
Central Victoria/Macedon Ranges,2,other,
Cerasuolo di Vittoria,2,other,
Charentais (IGP),2,other,
Chianti Colli Fiorentini DOCG,2,other,
Clare-Coonawarra-Barossa - South Australia,2,other,
Clarksburg AVA,2,other,
Cognac Grande Champagne,2,other,
Colli Martani,2,other,
Colli Tortonesi DOC Superiore,2,other,
Colline Lucchesi & Montecarlo,2,other,
Colline Teatine IGT,2,other,
Cordon Argent Cognac,2,other,
Cote de Bourg AOC,2,other,
Cote de Castillon,2,other,
Cote de Nuits,2,other,
Coteaux D'Ancenis,2,other,
Coteaux du Loir,2,other,
Cotes De Saint-Mont,2,other,
Cotes Du Marmandais,2,other,
Cotes du Vivarais,2,other,
Cour-Cheverny,2,other,
Crepy,2,other,
Crianza,2,other,
Curra Barbaresco,2,other,
D O Arlanza,2,other,
DOC,2,other,
DOCG,2,other,
Dafnes,2,other,
Del Montello E Dei Colli Asolani,2,other,
Dijon,2,other,
Dolcetto di Dogliani DOCG,2,other,
Donegal,2,other,
Douro D.O.C.,2,other,
Drumborg-Tumbarumba,2,other,
Dry Red Penedes,2,other,
Dry Vine Shiraz,2,other,
Dão,2,other,
ELTVILLE Rauenthaler Wulfen Riesling-Spatlese,2,other,
ELTVILLE Steinberger Riesling-Spatlese,2,other,
East Coast Tasmania,2,other,
Eden Valley 1978 - 1988 Collection,2,other,
Eden Valley-Adelaide Hills,2,other,
Edna Valley,2,other,
Eger,2,other,
Elqui Valley,2,other,
Epernay,2,other,
Etschtal/Valdadige,2,other,
FLORIAN),2,other,
FLORIAN) Roc de l'Abbaye,2,other,
Fara,2,other,
Fiano di Avellino,2,other,
Fino en Rama Jerez de la Frontera,2,other,
Flasch,2,other,
Flinders Island,2,other,
Fossoy,2,other,
Francia - Langhe,2,other,
Francia - Margaux,2,other,
Francia - Pineau des Charentes,2,other,
Francia - Pouilly-Fumé,2,other,
Freycinet Coast,2,other,
GRAND BOURGEOIS EXCEPTIONAL Cabernet blend,2,other,
Georgia,2,other,
Germania - Nahe,2,other,
Germania - Vini Dolci,2,other,
Gold Coast,2,other,
Golding Vineyard/ Adelaide Hills,2,other,
Grappa,2,other,
Graves blanc,2,other,
Grignolino d'Asti DOC,2,other,
Guyana,2,other,
Happy Valley,2,other,
Haut Armagnac,2,other,
Herault,2,other,
Highland Single Malt Whisky,2,other,
Horse Heaven Hills Columbia Valley Washington,2,other,
Hunter River-Clare Valley,2,other,
Hunter Valley-McLaren Vale-Mudgee,2,other,
ISLAY 12 Year Old Single Malt 43% ABV,2,other,
ISLAY Black Bowmore Distilled 1964 Malt,2,other,
ISLAY Single Malt,2,other,
Intense,2,other,
Isle of Arran,2,other,
Isle of Skye,2,other,
Isonzo DOC,2,other,
Jaspers Brush NSW,2,other,
Jura / Côtes du Jura,2,other,
Kaiserstuhl,2,other,
Katzenthal/Ammerschwihr,2,other,
Kiraly,2,other,
Kowalski Vineyard Shiraz,2,other,
Kriti,2,other,
L'Etoile,2,other,
LTD Mars Maltage Cosmo Blended Malt Whisky 43% ABV Japan,2,other,
La Martinique,2,other,
Lambrusco dell'Emilia,2,other,
Langhorne Creek-Barossa Valley,2,other,
Languedoc,2,other,
Languedoc-Roussillon - Provence,2,other,
Lemnos,2,other,
Les Coulmets,2,other,
Les Didiers St. Georges cuvee Cabet,2,other,
Les Elotins,2,other,
Les Matines Rouge,2,other,
Les Petits Cailloux,2,other,
Les Vireuils,2,other,
Lessona,2,other,
Liebfraumilch,2,other,
Lodi,2,other,
Loire / Sancerre,2,other,
Loire Valley,2,other,
Lombardy,2,other,
Long Island,2,other,
Lorch,2,other,
Mamertino di Milazzo Rosso,2,other,
Margoa,2,other,
Martinborough 4 Pack,2,other,
Matra Foothills - Northern Massif,2,other,
McLaren Vale - Eden Valley,2,other,
McLaren Vale-Barossa,2,other,
McLaren Vale/Coonawarra,2,other,
McLaren Vale/Hunter Valley,2,other,
Milan,2,other,
Montefalco Sagrantino,2,other,
Montpeyroux,2,other,
Mornington Peninsula/King Valley,2,other,
Mount Everton,2,other,
Nebbiolo dAlba,2,other,
New South Wales / Hasting River,2,other,
Nicaragua,2,other,
Nicaragua - Rum,2,other,
Ningxia,2,other,
Northern Rhone,2,other,
Obidos,2,other,
Okanagan Falls,2,other,
Orange - Coonawarra,2,other,
Orange-Mudgee,2,other,
Orange-Nowra,2,other,
Orvieto DOC,2,other,
Osterreich Neusiedlersee,2,other,
PIEMONTE,2,other,
Padthaway - South Australia,2,other,
Patrick Ducournau,2,other,
Pavillon de Leoville Poyferre(second wine of Leoville Poyferre),2,other,
Piccadilly Valley-Adelaide Hills,2,other,
Piglio,2,other,
Polonia - Vodka,2,other,
Pomerol - Bordeaux,2,other,
Pomino,2,other,
Ponui Island,2,other,
Portogallo - Spagna,2,other,
Provence / Coteaux de Pierrevert,2,other,
Puerto Rican Rum,2,other,
Puerto Rico - Rum,2,other,
QLD,2,other,
Recioto di Soave DOCG,2,other,
Reggiano DOC,2,other,
Rhône / Côtes du Ventoux,2,other,
Rhône / Lirac,2,other,
Riesling Beerenauslese,2,other,
Riesling-Auslese,2,other,
Rosso Terre Aquilane IGT,2,other,
Rosso Veneto IGT,2,other,
Russia - Distillati,2,other,
Rutherglen-Mclaren Vale,2,other,
SIERRA CANTABRIA,2,other,
Sagrantino di Montefalco,2,other,
Saint-Guilhem-le-Desert IGP,2,other,
Sainte-Croix-du-Mont,2,other,
Salina,2,other,
Salzburg,2,other,
San Francisco,2,other,
San Pedro de Macorís,2,other,
Santa Lucia Highlands,2,other,
Santa Rosa CA,2,other,
Santenay Vieilles Vignes,2,other,
"Sardegna, Sicilia  - Isola dei Nuraghi",2,other,
Saumur (Blanc),2,other,
Scotch Whisky,2,other,
Setubal DOC,2,other,
Sicilia  - Denominazioni varie,2,other,
Single Malt Sctoch Whisky Islay,2,other,
Single Malt Whisky Highland,2,other,
Sitia,2,other,
South Australia / Adelaide Plains,2,other,
Spagna - Cognac,2,other,
Spagna - Denominazioni varie,2,other,
Special Burgundy,2,other,
St-Joseph Rouge,2,other,
Stewart Island,2,other,
Sudburgenland,2,other,
Sudtirol - Alto-Adige,2,other,
Sunshine Coast,2,other,
Sydney NSW,2,other,
Szekszardi,2,other,
TAS,2,other,
Talca,2,other,
Tasmania-East Coast,2,other,
Thailand,2,other,
Tokaji Esszencia,2,other,
Toscana  - Maremma,2,other,
"Toscana , Sicilia , Francia",2,other,
Transdanubia,2,other,
USA - Denominazioni varie,2,other,
Upper Goulburn Valley,2,other,
VT Cadiz,2,other,
Val Di Neto IGT,2,other,
Valais,2,other,
Valladolid,2,other,
Valle Central / Valle de Curicó,2,other,
Valle de Famatina,2,other,
Valle de Yerri,2,other,
Valli di Porto Pino IGT,2,other,
Valpolicella - Valpolicella,2,other,
Vayots Dzor,2,other,
Venus de Pinchinat Rose,2,other,
Verdicchio Classico,2,other,
Very Old Circa 1960s Bottling,2,other,
Very Old Circa 1980s Bottling,2,other,
Vietnam,2,other,
Vin De Pays Du Lot,2,other,
Vin De Savoie,2,other,
Vin Sec,2,other,
Vin de Pays d'Oc Herault,2,other,
Vin de Pays des Collines Rhodanienn,2,other,
Vinos de Madrid,2,other,
Vintage Sherry,2,other,
Vita Aeterna 2018,2,other,
Vittoria DOC,2,other,
Vodka,2,other,
Volnay-Mitans,2,other,
W. A.,2,other,
Wade Ceramic Decanter,2,other,
Wagram,2,other,
Waipara Valley,2,other,
Wales,2,other,
Wallis / Sierre,2,other,
Watervale Clare Valley,2,other,
Weinland  Austria,2,other,
Weinviertel,2,other,
West Auckland,2,other,
Whiskey Canada,2,other,
White,2,other,
Wien,2,other,
Wonnegau,2,other,
Yakima Valley,2,other,
Yarra Valley-Heathcote,2,other,
Yarra Valley-Tasmania,2,other,
Yorke Peninsula,2,other,
burgundy coloured cellar rack,2,other,
with a day of behind the scenes tastings and tours,2,other,
 Israele - Toscana,1,other,
 Italia - Bordeaux,1,other,
 Italia - Borgogna,1,other,
 Italia - Cognac,1,other,
 Italia - Falanghina,1,other,
 Italia - Francia,1,other,
 Italia - Iesi,1,other,
 Italia - Lugana,1,other,
 Italia - Riesling,1,other,
 Italia - Roero,1,other,
 Italia - Valle Isarco,1,other,
 Italia - Whisky,1,other,
000 Gift Voucher,1,other,
000 SCOVILLES NAGA CHILLI 40% ABV Vodka,1,other,
000 gift voucher to Sydney's Baubridge and Kay - A label synonymous with corporate style,1,other,
09,1,other,
1 x Splash Label,1,other,
10 Shelves x 190cm Holding 210 bottles,1,other,
12 vintages 1989-2000 Shiraz,1,other,
1907 - 1912,1,other,
"1963 & 1968"" Grande Champagne",1,other,
2 Bottle Set,1,other,
2 Pax Shiraz,1,other,
2 nights accommodation for 3 couples,1,other,
2001 Tirage/2023 Disgorge Sparkling Black Shiraz and 2008 Rifle Range Cabernet Sauvignon,1,other,
2003,1,other,
2008 & 2018 3 Bottle Set Signed by Stephen Henschke. Shiraz,1,other,
2009,1,other,
2011,1,other,
2011 & 2015 3-pack,1,other,
2012 & 2016,1,other,
2012 -2017 Shiraz,1,other,
2013-2018 Shiraz,1,other,
2014,1,other,
2015 Anubis Cabernet Sauvignon,1,other,
2015 Argos Shiraz,1,other,
2015 and 2016 Shiraz,1,other,
2016 & 2017) 3-pack,1,other,
2016 & 2018 Shiraz,1,other,
2017 & 2018,1,other,
2017 - 2022 6 bottle collection Shiraz,1,other,
2017 Gaia and 2019 Polish Hill,1,other,
2018-2021 Vintages,1,other,
2019) Cabernet Merlot Shiraz,1,other,
2020,1,other,
2Bx2004,1,other,
3 course lunch or dinner with paired wines and a wine gift to take away,1,other,
3 x 150ml Eifel Tower Limoges Porcelain bottle Set,1,other,
36 Bottle Set Grenache,1,other,
4 bottle Set,1,other,
40%ABV,1,other,
48 bottle set,1,other,
5 units holding 6 bottles each,1,other,
5% ABV Vodka,1,other,
6 bottle Set,1,other,
6 bottle mixed 2010,1,other,
6 bottle vertical,1,other,
60 bottle set Riesling,1,other,
95,1,other,
ABV 46% Single Malt Whisky,1,other,
APALTA,1,other,
Abruzzo - Bordeaux,1,other,
Abruzzo - Cerasuolo,1,other,
Abruzzo - Chardonnay,1,other,
Adelaide Hills-Fleurieu,1,other,
Adelaide Hills-McLaren Vale-Langhorne Creek,1,other,
Adelaide Plains-Barossa Valley,1,other,
Adjara,1,other,
Agria,1,other,
Albana Di Romagna DOCG,1,other,
Albana di Romagna DOCG,1,other,
Albarossa,1,other,
Aldeburgh,1,other,
Alenquer,1,other,
Alexandra Central Otago,1,other,
Alghero DOC,1,other,
Alto Adige / Tramin,1,other,
Amarone della Valpolicella DOCG Classico,1,other,
American Whisky,1,other,
Amity Hills,1,other,
Appenzell,1,other,
Aquileia,1,other,
Arbois Pupillin Blanc,1,other,
Argan & Grapeseed Body and Hand Collection,1,other,
Argentina - --- VINI---,1,other,
Armagh book and cork screw. Tawny,1,other,
Arman Taittinger Collection,1,other,
Assmannshausen,1,other,
Asturias,1,other,
Australia - Chardonnay,1,other,
Austria - Samragd,1,other,
Awatere Valley,1,other,
BLANCK Riesling,1,other,
Bahamas,1,other,
Bahamas - Rum,1,other,
Ballandean Qld.,1,other,
Bangalore,1,other,
Barbados - Distillati,1,other,
Barbera d'Alba DOC Superiore,1,other,
Barbera del Montferrato,1,other,
Barco Reale di Carmignano DOC,1,other,
Bardolino DOC,1,other,
Barossa Valley Hand Painted Unique 3 x Double Magnum Set Plus,1,other,
Barossa Valley Including 1991,1,other,
Barossa Valley six bottles featuring the prestigious Jimmy Watson Trophy-winning 2016,1,other,
Barossa Valley-McLaren Vale-Langhorne Creek,1,other,
Barossa Valley-Orange NSW,1,other,
Barossa Valley/Coonawarra,1,other,
Barossa-Limestone Coast,1,other,
Barossa-Valley,1,other,
Barrel Shed Tour,1,other,
Basse-Normandie,1,other,
Basse-Terre,1,other,
Bats & Dawn Durif,1,other,
Bay of Islands,1,other,
Beamsville Bench,1,other,
Beaujolais / Fleurie,1,other,
Beaujolais / Morgon,1,other,
Beaujolais Blanc,1,other,
Beaujolais Morgon,1,other,
Beaujolais Rose,1,other,
Beaune-Bastion,1,other,
Beaune-Les Greves,1,other,
Beaune-Perrieres,1,other,
Beelbangera,1,other,
Belarus,1,other,
Bennwihr,1,other,
Bern,1,other,
Bianco Paestum IGT,1,other,
Biferno,1,other,
Bin 101-122 Para Liqueur Port,1,other,
Blanc Chateauneuf-du-Pape,1,other,
Blanc de Blanc Sec,1,other,
Blend and Taste,1,other,
Blended Whisky 43% abv,1,other,
Blender and Travel Mug Opera,1,other,
Blewitt Springs,1,other,
Blewitt Springs McLaren Vale,1,other,
Bologna,1,other,
Bordeaux (DO NOT USE use Code BRLRB),1,other,
Borden Ranch,1,other,
Borderies,1,other,
Borgogna,1,other,
Borja,1,other,
Bourgogne Cote D'Or Rouge,1,other,
Braidwood,1,other,
Brasile - Distillati,1,other,
Buenos Aires,1,other,
Burgundy France,1,other,
Burnside,1,other,
Buzet,1,other,
Cabernet Franc Cabernet,1,other,
Cachapoal Rapel Valley,1,other,
Cadiz,1,other,
Cairanne - Cotes-du-Rhone Villages,1,other,
Calificada,1,other,
California - Bordeaux,1,other,
California / Anderson Valley,1,other,
California / Mendocino,1,other,
California / Santa Lucia Highlands,1,other,
California / Santa Maria Valley,1,other,
California / Sonoma Valley,1,other,
Campi Flegrei,1,other,
Canadian Whiskey,1,other,
Canary Islands,1,other,
Caneros,1,other,
Cannonau di Sardegna,1,other,
Cannubi Boschis,1,other,
Canowindra NSW,1,other,
Capannino IGT,1,other,
Cape Peninsula,1,other,
Carbanup Sub Region,1,other,
Carignan Tempranillo Cabernet,1,other,
Carlow,1,other,
Casablanca - Aconcagua,1,other,
Casablanca Valley-Curico Valley,1,other,
Castelli Di Jesi DOC,1,other,
Castilla,1,other,
Castillon,1,other,
Catamarca,1,other,
Central Otago-Marlborough,1,other,
Central Ranges-Mclaren Vale,1,other,
Ceramic bottle,1,other,
Chablis AOC,1,other,
Chambertin Clos-de-Beze - Borgogna,1,other,
Champagne Rose,1,other,
Charles Kinloch & Co (London) Bottling,1,other,
Chartreuse,1,other,
Chateauneuf du Pape - Rodano,1,other,
Chateauneuf-du-Pape (Blanc),1,other,
Chateauneuf-du-Pape Blanc,1,other,
Chenin Blanc Palomino,1,other,
Chianti Montalbano,1,other,
Chris Donnellan and Serge Dansereau,1,other,
Châteauneuf du Pape,1,other,
Cile - Cabernet,1,other,
Cina ,1,other,
Cina  - Gin,1,other,
Cinqueterre,1,other,
Civitella d'Agliano IGT,1,other,
Clare Valley-Lenswood,1,other,
Claret,1,other,
Classico,1,other,
Classico Superiore,1,other,
Coahuila,1,other,
Codru,1,other,
Cognac - Cognac,1,other,
Colchagua Valley Chile,1,other,
Colli Perugini,1,other,
Colli Tortonesi DOC,1,other,
Colline Novaresi,1,other,
Colonia,1,other,
Columbia,1,other,
Contessa Entellina,1,other,
Coonawarra DO NOT USE (USE MRWCCS),1,other,
Coonawarra-Heathcote,1,other,
Coonawarra-Hunter Valley,1,other,
Cordillera,1,other,
Corse,1,other,
Costers del Segre DO,1,other,
Cote Chalonnaise - Borgogna,1,other,
Cote Roannaise,1,other,
Cote de Beaune - Borgogna,1,other,
Coteaux du Layon St. Lambert,1,other,
Coteaux du Roussillon,1,other,
Coteaux du Vendomois,1,other,
Cotes De Thongue IGP,1,other,
Cotes du Brian IGT,1,other,
Cotes du Frontonnais,1,other,
Cotes du Rhone,1,other,
Cowra/Orange,1,other,
Cream Liqueur,1,other,
Croazia - Distillati,1,other,
Cru Exceptionnel,1,other,
Curico Valley Chile,1,other,
DCB01,1,other,
Darling Downs,1,other,
Dartmoor-Smith Estate,1,other,
Del Comune Di Gavi,1,other,
Denmark W.A.,1,other,
Di Caratello DOC,1,other,
Di San Gimignano,1,other,
Dijon France,1,other,
Dolcetto D'Alba,1,other,
Dolcetto d'Asti,1,other,
Dookie Central Victoria,1,other,
Drei-Seen-Land / Mont Vully,1,other,
Dry Creek Valley,1,other,
Dulce,1,other,
Dzūkija,1,other,
ELTVILLE Assmannshauser Hollenberg Spatburgunder Weissherbst Beerenauslese Spatburgunder,1,other,
ELTVILLE Hochheimer Domdechaney Spatlese Riesling,1,other,
ELTVILLE Rauenthaler Baifen Eiswein-Auslese,1,other,
ELTVILLE Rauenthaler Gehrn Riesling-Auslese,1,other,
ELTVILLE Rauenthaler Langenstud Spatlese Riesling,1,other,
ELTVILLE Rudesheimer Schlossberg Riesling-Kabinett,1,other,
ELTVILLE Steinberger Riesling-Kabinett,1,other,
Eastern Washington,1,other,
Eden Valley 1967-1994 Collection,1,other,
Eden Valley Signed by Stephen & Prue Henschke 8 Bottles Set Includes 2008,1,other,
Eden-Hunter Valley,1,other,
Eitelsbach - Mosel-Saar-Ruwer,1,other,
El Ciego,1,other,
Elevage Meo-Camuzet,1,other,
Engelberg,1,other,
Etna Bianco Superiore DOC,1,other,
Etyek,1,other,
Expires June 2022,1,other,
FLADGATE & YEATMAN 20 Year Old Aged Tawny,1,other,
FLADGATE & YEATMAN Cabrillo Fine Old Tawny Port,1,other,
Fance,1,other,
Ferguson Valley W.A,1,other,
Filippine - Rum,1,other,
Fitou,1,other,
Flordland,1,other,
Food and Champagne Tasting for 4 Guests,1,other,
Forli IGT,1,other,
Francia - --- VINI---,1,other,
Francia - Beaujolias,1,other,
Francia - Brunello di Montalcino,1,other,
Francia - Chardonnay,1,other,
Francia - Duero,1,other,
Francia - Jura,1,other,
Francia - Madeira,1,other,
Francia - Rum,1,other,
Francia - Saint-Emilion,1,other,
Francia - Trebbiano,1,other,
"Francia,  Italia - Denominazioni varie",1,other,
"Francia, La Réunion - Rum",1,other,
Frascati Superiore,1,other,
Freisa,1,other,
French Brandy,1,other,
Friuli-Venezia Giulia - Denominazioni varie,1,other,
Friuli-Venezia Giulia - Merlot,1,other,
Friuli-Venezia Giulia - Venezia Giulia,1,other,
Fukuoka,1,other,
Fully Appointed Lorne Residence,1,other,
Gavi di Tassarolo,1,other,
Georgischer Wien Kachetien,1,other,
Germania - Riesling,1,other,
Giappone   - Rum,1,other,
Gimblett Gravels Malbec,1,other,
Gimblett Gravels Merlot,1,other,
Gironde Bordeaux,1,other,
Gisborne Marlborough,1,other,
Glenkinchie,1,other,
Golan Height,1,other,
Gold Medal Series Tawny Port,1,other,
Gorenjska,1,other,
Graham County,1,other,
Gran Malaga,1,other,
Grand  Cru,1,other,
Grand-Echezeaux,1,other,
Granite Belt-Darling Downs,1,other,
Grecia - Distillati,1,other,
Grecia - Spirit,1,other,
Green Valley of Russian River Valle,1,other,
Grignolino d'Asti,1,other,
Grignolino del Monferrato Casalese,1,other,
Guy Grossi,1,other,
HL/R18,1,other,
Habikino,1,other,
Haiti - Rum,1,other,
Hanwood,1,other,
Harcourt Valley,1,other,
Hard Rock Shiraz,1,other,
Hastings River Region,1,other,
Hattenheim,1,other,
Haut Mèdoc,1,other,
Haut-Mé,1,other,
Hautes Cotes de Nuits Pinot Noir,1,other,
Heathcote-Macedon Ranges,1,other,
Heathcote-Yarra Valley-Great Western,1,other,
Hemel-en-Aade,1,other,
Henderson NZ,1,other,
Henschke,1,other,
Hessische Bergstraße,1,other,
Highland Single Malt Scotch Whisky,1,other,
Highland Single Malt Whisky Scotland,1,other,
Hilltops - Orange,1,other,
Hochheimer Holle Riesling-Trockenbeerenauslese,1,other,
Hochheimer Kirchenstuck Riesling-Trockenbeerenauslese,1,other,
Horse Heaven Hills,1,other,
Howqua River,1,other,
Huapai Valley,1,other,
Hunter Valley - McLaren Vale,1,other,
Hunter Valley Dry Red,1,other,
Hunter Valley-Tumbarumba,1,other,
Hunter-Barossa Valley,1,other,
Hunter-Coonawarra-Cowra,1,other,
IGP Ardeche,1,other,
IGT Venezie,1,other,
Iceland,1,other,
Illinois Valley,1,other,
Irlanda,1,other,
Isla De Maipo,1,other,
Isonzo Del Friuli,1,other,
Isonzo Friuli-Venezia,1,other,
Italy-Jamaica,1,other,
JR Single Barrel 50% ABV,1,other,
Jam Factory,1,other,
Jonkershoek Valley,1,other,
Jordan Valley,1,other,
Judean Hills,1,other,
Jumilla D.O.P,1,other,
KAVAL AND SHAW The Bruiser Durif,1,other,
Kadarka,1,other,
Kamikatsu,1,other,
Kerner Beerenauslese,1,other,
Kitchen Pack and Grinders,1,other,
Klagenfurt,1,other,
Koalas and Wildlife Ecotour,1,other,
Kunság,1,other,
Kyneton,1,other,
Kyneton Macedon Ranges,1,other,
LE CLOITRE DU PRIEURE LICHINE,1,other,
LEITHABERG DAC,1,other,
LITHUANIAN,1,other,
La Chapelle,1,other,
La Morra,1,other,
La Pobla de Cervoles,1,other,
Lagavulin,1,other,
Lake Erie North Shore,1,other,
Lake Erie U.S.A.,1,other,
Lalande de Pomerol,1,other,
Lambrusco dell'Emilia IGT,1,other,
Langhe - Denominazioni varie,1,other,
Langhorne Creek - Barossa Blend,1,other,
Langhorne Creek McLaren Vale & Barossa Valley,1,other,
Langhorne creek,1,other,
Languedoc-Roussillon / Cité de Carcassonne,1,other,
Languedoc-Roussillon / Costières de Nîmes,1,other,
Languedoc-Roussillon / Côtes du Roussillon,1,other,
Languedoc-Roussillon / Saint-Chinian,1,other,
Late Disgorged Brut,1,other,
Lazio IGT,1,other,
Les Maladieres cuvee Graingier,1,other,
Libano,1,other,
Libano - Bordeaux,1,other,
Libano - Denominazioni varie,1,other,
Limestone Coast-Clare Valley,1,other,
Limoges Decanter,1,other,
Litttle Hampton Pinot Gris,1,other,
Locorotondo,1,other,
Loire / Touraine,1,other,
Lombardia - Rosso del Sebino,1,other,
Lontue Valley,1,other,
Los Carneros AVA,1,other,
Lujan de Cuyo Mendoza,1,other,
Lussac-St.Emilion,1,other,
Luxembourg,1,other,
Macon Charnay,1,other,
Macon-Charnay,1,other,
Macon-Pierreclos,1,other,
Magnum Set,1,other,
Magnum and 6 Bottles Shiraz,1,other,
Maipo Chile,1,other,
Malaga Solera,1,other,
Maleny Queensland Coastal,1,other,
Mandrolisai,1,other,
Marc de Champagne,1,other,
Marche  - Denominazioni varie,1,other,
Margaret River & Geographe,1,other,
Margaret River / Mudgee,1,other,
Margaret River-Adelaide Hills,1,other,
Margaret River-Frankland Rivers,1,other,
Marino,1,other,
"Martinica, Caraibi - Rum",1,other,
Massachusetts / Southeastern New England,1,other,
Mazowieckie,1,other,
McLaren Vale-Barossa Valley,1,other,
McLaren Vale-Coonawarra-Goulburn Valley,1,other,
McLaren Vale-Mt Barker,1,other,
McLaren Vale-Padthaway-Beechworth,1,other,
McLaren Vale-Wrattonbully,1,other,
Medoc - Montepulciano d'Abruzzo,1,other,
Mendocino County,1,other,
Metodo Classico,1,other,
Meursault Chevalieres,1,other,
Milicevo selo,1,other,
Minnesota / Alexandria Lakes,1,other,
Mittelbergheim,1,other,
Mittelrhein,1,other,
Mitttelwihr,1,other,
Molina,1,other,
"Montalcino, Toscana  - Super Tuscan",1,other,
Montecucco DOC,1,other,
Montefalco Bianco,1,other,
Monterrei,1,other,
Montescudaio Rosso - Tuscany,1,other,
Monticello,1,other,
Monto,1,other,
Montravel,1,other,
Montville,1,other,
Mosel / Saar,1,other,
Mt Cotton,1,other,
Much Ado About Nothing,1,other,
Murgers cuvee Guyard de Chaugey,1,other,
Murray Valley,1,other,
Muscadet Blanc,1,other,
Muscat de Lunel,1,other,
Muscat de Saint-Jean de Minervois,1,other,
Muster Macquarie University Tawny Port,1,other,
Mülheimer,1,other,
Mülheimer Sonnenlay,1,other,
NZ-Chile,1,other,
Nagano Prefecture,1,other,
Nascetta del Comune Di Novello,1,other,
Natural Sweet Muscadel,1,other,
Nelson-Marlborough,1,other,
Nevada,1,other,
New Richmond,1,other,
New South Walse,1,other,
New York / Central Delaware Valley,1,other,
New York / Niagara Escarpment,1,other,
New York State,1,other,
New Zealand/Australia,1,other,
Nine People,1,other,
Noosa,1,other,
Nord Piemonte,1,other,
Norfolk Island,1,other,
North East Victoria-Geelong-Heathcote,1,other,
North Island / Hawke’s Bay,1,other,
Norway,1,other,
Nov 1993-Aug 2004,1,other,
Nubian,1,other,
Nuits-Meurgers,1,other,
Nuits-Saint-Georges Les Cailles - Borgogna,1,other,
OCEANS AT MOOLOOLABA & OPERA QUEENSLAND Two nights in a three bedroom apartment and two A-Reserve tickets to an Opera Queensland performance,1,other,
Occitanie,1,other,
Old Tawny Port,1,other,
Online,1,other,
Opera's Schools Program Charity,1,other,
Orange Highlands,1,other,
Orange-Hilltops-Hunter Valley,1,other,
Orange/Hunter Valley,1,other,
Osaka,1,other,
Pago Casa del Blanco,1,other,
Painted and Signed by Pro Hart,1,other,
Panama,1,other,
Paoca,1,other,
Passion Fruit with Cognac Liqueur,1,other,
Passito,1,other,
Pays D'Auge,1,other,
Pays d'Oc,1,other,
Peloponnese,1,other,
Perricoota,1,other,
Petit Chablis AC,1,other,
Petite Syrah Carignan Grenache,1,other,
Piemonte - Gattinara,1,other,
Piemonte - Vini Dolci,1,other,
Piemonte - Whisky,1,other,
"Piemonte, Toscana  - Denominazioni varie",1,other,
"Piemonte, Toscana  - Grappa",1,other,
Pinot Grigio delle Venezie,1,other,
Pisa,1,other,
Pisco,1,other,
Plus 6 Bottles of Wine Other,1,other,
Plus A Magnum of 99 Point wine Shiraz,1,other,
Pomerol - Brunello di Montalcino,1,other,
Pomerol.,1,other,
Pomorie,1,other,
Portalegre,1,other,
Portogallo,1,other,
Portogallo - VINI LIQUOROSI,1,other,
Portogallo - Whisky,1,other,
"Portogallo, Francia,  Italia - Distillati",1,other,
Poysdorfer Schneiderberg,1,other,
Primitivo di Manduria D.O.P,1,other,
Prince Edward County,1,other,
Princeton,1,other,
Progreso,1,other,
Prosecco Brut,1,other,
Prosecco di Valdobbiadene,1,other,
Provence / Cassis / Bouches-du-Rhône,1,other,
Pyrenees-McLaren Vale,1,other,
QLD With Three of Your Friends,1,other,
Racha,1,other,
Ramandolo,1,other,
Rancho Santa Rosa,1,other,
Rapsani,1,other,
Rattlesnake Hills,1,other,
Recioto della valpolicella Classico,1,other,
Recioto della valpolicella DOCG Cla,1,other,
Repubblica Domenicana - Rum,1,other,
Reserva 890,1,other,
Rever,1,other,
Reynella District S.A.,1,other,
Rheingau Deinhard,1,other,
Rhone Valley,1,other,
Rhône / Coteaux de l'Ardèche,1,other,
Rhône / Crozes-Hermitage,1,other,
Rhône / Côte-Rôtie,1,other,
Rhône / Côtes du Rhône Villages,1,other,
Rhône / Vacqueyras,1,other,
Ribatejo,1,other,
Riverina - New South Wales,1,other,
Riverina-Hilltops,1,other,
Robinson Mixed 6 Pack,1,other,
Roccamonfina,1,other,
Rogue River,1,other,
Romanee-Saint-Vivant - Borgogna,1,other,
Rorschwihr,1,other,
Rose Champagne,1,other,
Rose des Pyrenees,1,other,
Rosso Conero,1,other,
Rosso Conero DOC,1,other,
Rosso Di Montalcino,1,other,
Rosso Riserva,1,other,
Rosso Veronese,1,other,
Rouge Valley,1,other,
Royal Doulton Decanter,1,other,
Rumanien DOCG,1,other,
Réunion,1,other,
Rías Baixas,1,other,
SA,1,other,
Sailor,1,other,
Saint Jean de Blaignac,1,other,
Saint Lucia,1,other,
Saint Pourcain AC,1,other,
Saint-Chinian-Berlou AC,1,other,
Saint-Estéphe,1,other,
Saint-Pierre Sancerre,1,other,
Salvador Dali),1,other,
San Gimignano DOC,1,other,
San Luis Obispo,1,other,
San Severo,1,other,
Sangiovese Ravenna IGT,1,other,
Sangiovese-Cabernet,1,other,
Sant'Antimo,1,other,
Santa Catarina,1,other,
Santenay Maladiere,1,other,
Saratoga,1,other,
Sardegna - Vernaccia,1,other,
Saucepan and Gift Voucher,1,other,
Sauvignon de Saint-Bris,1,other,
Savigny-Dominode,1,other,
Savigny-Marconnets,1,other,
Scandaleuse Chirouble,1,other,
Schaffhausen / Klettgau,1,other,
Schleswig-Holstein,1,other,
Scotland 40% ABV,1,other,
Scozia,1,other,
Scozia - Brandy,1,other,
Scozia - Denominazioni varie,1,other,
Scozia - Gin,1,other,
"Scozia, USA, Irlanda - Whisky",1,other,
Sebino IGT,1,other,
Serbia,1,other,
SevenHill Shiraz Cabernet,1,other,
Sforzato di Valtellina,1,other,
Sherry,1,other,
Shiraz,1,other,
Shiraz Malbec And Riesling 2 Bottles Each,1,other,
Shiraz and Merlot,1,other,
Sicilia  - Distillati,1,other,
Sicilia  - Faro,1,other,
Sicilia  - Vini Dolci,1,other,
Sicily - Distillati,1,other,
Sierra De La Pila,1,other,
Sierra Foothills,1,other,
Similkameen Valley,1,other,
Single Malt Scotch Whisky,1,other,
Single Malt Whisky Scotland,1,other,
Single Malt Whisky Speyside,1,other,
Single malt Scotch Whisky,1,other,
Skadarsko Jezero,1,other,
Slovenia - Denominazioni varie,1,other,
Soave  Superiore Classico,1,other,
Soave Classico Superiore,1,other,
Soave Superiore DOCG,1,other,
Sopron,1,other,
South Australia (DO NOT USE THS CODE) (USE PGH),1,other,
South Australia / Clare Valley,1,other,
South Australia-Victoria,1,other,
South Coast,1,other,
South Gippsland (Cork),1,other,
South Kaipara,1,other,
South Melbourne,1,other,
South Wales,1,other,
South West,1,other,
Southern Blue Dandenongs,1,other,
Southern Oregon,1,other,
Spagna - Champagne,1,other,
Spagna - Gin,1,other,
Spagna - Grappa,1,other,
Spagna - Spumante,1,other,
Spagna - Whisky,1,other,
Spagna2 - Rioja,1,other,
Spagna2 - Sherry,1,other,
Spirit,1,other,
Spode Decanter,1,other,
Sqinzano,1,other,
St Armour,1,other,
St Helena,1,other,
St. Louis,1,other,
Stags Leap District,1,other,
Stajerska,1,other,
Stanley Wine Co. Riesling,1,other,
Stati Uniti - Oregon,1,other,
Stati Uniti - Whisky,1,other,
Stay & Unwind Experience for 2 People,1,other,
Stonewell Shiraz 6 750ml mixed set - 2013,1,other,
Strathbogie Range,1,other,
Strathbogie/King Valley,1,other,
Sud Africa - Rum,1,other,
Sud-Ouest / Bergerac / Monbazillac,1,other,
Sud-Ouest / Buzet,1,other,
Sud-Ouest / Côtes de Duras,1,other,
Sud-Ouest / Gaillac,1,other,
Sud-Ouest / Jurançon,1,other,
Sudtirol-Alto Adige,1,other,
Super Tuscan,1,other,
Superiore DOC,1,other,
Surrey,1,other,
Surry Hills,1,other,
Svizzera - Toscana,1,other,
Swansea -Freycinet Coast Tasmania,1,other,
Sydney and enjoy A-Reserve Opera Australia tickets,1,other,
TAITTINGER,1,other,
Tamar Valley - Tasmania,1,other,
Tanunda SA,1,other,
Taste and Graze Experience,1,other,
Tasting & Lunch for 2,1,other,
Taurasi Docg,1,other,
Tawny Oporto,1,other,
Terre del Volturno IGT,1,other,
The Fall Chardonnay,1,other,
The Great Plain (Alfold),1,other,
The Hamptons,1,other,
The Highland,1,other,
The Highlands Single Malt,1,other,
The Icon,1,other,
The Prince – St Kilda,1,other,
The Second Edition,1,other,
Thracian Valley,1,other,
Three Vineyards Cabernet Sauvignon,1,other,
Three Vineyards Shiraz,1,other,
Thunersee,1,other,
Tibet,1,other,
Tiers VY & Chardonny Chardonnay,1,other,
Timiș,1,other,
Tocado,1,other,
Toscana  - Chardonnay,1,other,
Toscana  - Distillati,1,other,
Toscana  - Merlot,1,other,
Toscana  - Rosso di Montalcino,1,other,
Toscana  - Syrah,1,other,
Toscana  - Vini Dolci,1,other,
Toscana  - Whisky,1,other,
Toscana / Chianti classico,1,other,
Toscana / Montecucco Sangiovese,1,other,
Toscana Rose,1,other,
Trentino - Alto Adige - Grappa,1,other,
"Trentino - Alto Adige, Toscana , Friuli-Venezia Giulia - Denominazioni varie",1,other,
Trittenheim,1,other,
Tumbarumba-Adelaide Hills,1,other,
Two Magnum Set 2008 & 2010,1,other,
UR/R18,1,other,
USA - --- VINI---,1,other,
USA - Atlas Peak,1,other,
USA - Cabernet,1,other,
USA' 15 Year Old Single Malt Scotch Whisky 46% ABV,1,other,
"USA, Francia - Champagne",1,other,
Umbria / Sagrantino di Montefalco,1,other,
"Umbria, Cile",1,other,
"Umbria, Piemonte - Denominazioni varie",1,other,
Ungheria,1,other,
"Ungheria, Slovacchia - Vini Dolci",1,other,
V.S.O.P. Reserve Cognac,1,other,
VV/R20,1,other,
Val de Loire,1,other,
Valcalepio Rosso,1,other,
Valencay,1,other,
Valle Central / Valle del Maule,1,other,
Valle Del Itata,1,other,
Valpolicella - Amarone della Valpolicella,1,other,
Valpolicella Superiore DOC,1,other,
Valul lui Traian,1,other,
Valvigneres,1,other,
Vecchie Vigne,1,other,
Veneto - Distillati,1,other,
Veneto - Vini Dolci,1,other,
"Veneto, Piemonte",1,other,
Venezia IGT,1,other,
Venezuela - Rum,1,other,
Verdicchio dei Castelli,1,other,
Verduno Pelaverga DOC,1,other,
Vernaccia di San Gimignano,1,other,
Vernaccia di Serrapetrona,1,other,
Very Old 1969 to 1978 Bottling,1,other,
Victoria-New South Wales,1,other,
Victoria/Tasmania,1,other,
Vieux Cognac,1,other,
Villányer,1,other,
Vin De Pays Cotes De Thongue,1,other,
Vin Jaune Arbois,1,other,
Vin Santo Del Chianti Classico DOC,1,other,
Vin de Pays Du Gard,1,other,
Vin de Pays Sables du Golfe du Lion,1,other,
Vin de Pays d'Herault,1,other,
Vin de Pays d'Oc d'Herault,1,other,
Vin de Pays de L'Ardeche - Northern Rhone,1,other,
Vin de Pays del' Herault,1,other,
Vin de Pays des Coteaux du Verdon,1,other,
Vinho de Mesa,1,other,
Vino da Tavola Bianco,1,other,
Vino da Tavola Dolce,1,other,
Vino da Tavola Rosso,1,other,
Vino da Tavola della Toscana,1,other,
Vins de L'Orleanais,1,other,
Vintage Cognac,1,other,
Virgin Islands,1,other,
Volnay Village,1,other,
Volnay-Santenots-du-Milieu,1,other,
Waadt / Chablais,1,other,
Waikato,1,other,
Wakayama Prefecture,1,other,
Wallis / Salgesch,1,other,
Wehlener Sonnenuhr Riesling Spätlese Fruchtsüss (Gold Cap),1,other,
Weinviertal,1,other,
West Indies,1,other,
Western Australia / Margaret River,1,other,
Westkap / Walker Bay,1,other,
White Crozes-Hermitage,1,other,
White Label Pinot Noir,1,other,
Wielkopolskie,1,other,
Wood Matured Semillon,1,other,
Wooloomooloo NSW,1,other,
Wrattonbully Single Vineyard,1,other,
Yackandandah,1,other,
Yarra Valley-Pyrenees,1,other,
Yarra Valley-Tumbarumba,1,other,
Yarra Valley/ Great Western,1,other,
Yavapai County,1,other,
Yellow Ceramic Decanter,1,other,
Yerevan,1,other,
Young,1,other,
Young NSW,1,other,
Yugoslavia,1,other,
Zacapa,1,other,
a beautiful scent for women,1,other,
a novel by Camilla Nelson,1,other,
a sublime three-disc set,1,other,
and Current Contemporary Art from Australia and New Zealand,1,other,
and Dinner at MoVida,1,other,
and a Willlie Creek Pearl Farm Tour for two,1,other,
and two A-Reserve tickets to Sydney Symphony,1,other,
cuvee Billardet,1,other,
cuvee Charlotte-Dumay,1,other,
cuvee General Muteau,1,other,
della Valpolicella,1,other,
evening drinks and canapes,1,other,
featuring a selection of the 15 vintages of Eligo. The winning bidder also claims a rare 3L bottle of their favorite Eligo vintage,1,other,
flagship Barossa Shiraz,1,other,
from Sydney,1,other,
heavy duty steel polythene coated. Holds 152 bottles.,1,other,
heavy duty steel polythene coated. Holds 304 bottles.,1,other,
includes 1x 2016 Ruchottes-Chambertin and Cellar Visit for 4 People,1,other,
plus Johann George Shiraz 2004 - 2009  6 bottle vertical,1,other,
qualia,1,other,
recorded live at Radio City Music Hall,1,other,
signed by Emma Matthews,1,other,
signed by Stephen and Prue Henschke 750ml,1,other,
signed by Winemaker Paul Lindner,1,other,
two-bathroom cottage in the Barossa Valley,1,other,
vintages 1985-1996,1,other,
weinviertel,1,other,
with Dragan Radocaj fine art print (1 of 100) Shiraz,1,other,
with guided a Snorkelling Adventure for two,1,other,
with two Port Glassest,1,other,
